"ID","age","seq_id","seq_length","R","O","with_routine","year","age_scale","seq_length_scale","real_age"
"abel",4,"4_0",40,0.388878770535127,1,1,2020,-0.581494645721234,0.642874874150389,1
"abel",5,"5_0",114,0.537951040328206,1,1,2021,-0.386731214702424,1.83219339132861,1
"abel",6,"6_2",150,0.379307034615504,1,1,2022,-0.191967783683613,2.41078077806396,1
"addo",1,"1_4",32,0.393795952511572,1,1,2020,-1.16578493877767,0.514299899320311,1
"alex",5,"5_7",118,0.394945608496178,2,1,2022,-0.386731214702424,1.89648087874365,1
"aliwal",1,"1_9",90,0.320657422888083,1,1,2021,-1.16578493877767,1.44646846683838,1
"aliwal",2,"2_13",162,0.440599989842519,2,1,2022,-0.971021507758856,2.60364324030908,1
"alyeska",0,"0_14",28,0.300227619094593,2,1,2020,-1.36054836979648,0.450012411905272,1
"anderson",22,"22_15",43,0.526497435844227,2,1,2020,2.92424711261736,0.691090489711668,0
"anderson",23,"23_15",99,0.600777191357767,2,1,2021,3.11901054363617,1.59111531352221,0
"anderson",24,"24_15",34,0.537206046077885,2,1,2022,3.31377397465498,0.546443643027831,0
"andromeda",7,"7_17",31,0.327301025816759,2,1,2011,0.00279564733519832,0.498228027466551,1
"armstrong",1,"1_35",93,0.366716269535434,1,1,2014,-1.16578493877767,1.49468408239965,1
"armstrong",6,"6_85",32,0.36637656163799,1,1,2019,-0.191967783683613,0.514299899320311,1
"armstrong",7,"7_101",68,0.250746768872687,0,1,2020,0.00279564733519832,1.09288728605566,1
"armstrong",8,"8_103",167,0.508879033668676,1,1,2021,0.197559078354009,2.68400259957787,1
"armstrong",9,"9_111",134,0.338523575541427,2,1,2022,0.39232250937282,2.1536308284038,1
"arthur",2,"2_113",80,0.31132025350446,1,1,2022,-0.971021507758856,1.28574974830078,1
"augrabie",10,"10_119",28,0.331048985227651,1,1,2021,0.587085940391631,0.450012411905272,1
"baker",5,"5_125",38,0.412341447030233,1,1,2009,-0.386731214702424,0.61073113044287,1
"baker",6,"6_135",72,0.350299716107905,1,1,2010,-0.191967783683613,1.1571747734707,1
"baker",8,"8_137",83,0.33395089401568,2,1,2012,0.197559078354009,1.33396536386206,1
"boker",5,"5_138",24,0.438708236506435,1,1,2021,-0.386731214702424,0.385724924490233,1
"boker",6,"6_138",43,0.424874310998426,2,1,2022,-0.191967783683613,0.691090489711668,1
"caine",4,"4_141",23,0.453141349696989,1,1,2020,-0.581494645721234,0.369653052636474,1
"caine",5,"5_141",110,0.422137934221939,1,1,2021,-0.386731214702424,1.76790590391357,1
"caine",5,"5_143",16,0.75088708577066,1,1,2021,-0.386731214702424,0.257149949660156,1
"caine",6,"6_144",65,0.541085714349044,1,1,2022,-0.191967783683613,1.04467167049438,1
"cale",3,"3_156",114,0.329471032658824,1,1,2021,-0.776258076740045,1.83219339132861,1
"cale",4,"4_160",68,0.417250737740438,1,1,2022,-0.581494645721234,1.09288728605566,1
"cantata",7,"7_163",128,0.36510874374808,1,1,2022,0.00279564733519832,2.05719959728124,1
"chegovar",2,"2_165",33,0.275726382704814,1,1,2020,-0.971021507758856,0.530371771174071,1
"chegovar",3,"3_166",108,0.317157990174887,1,1,2021,-0.776258076740045,1.73576216020605,1
"colombus",12,"12_205",44,0.519405416107733,2,1,2019,0.976612802429253,0.707162361565428,1
"colombus",13,"13_205",22,0.518498704735009,1,1,2020,1.17137623344806,0.353581180782714,1
"cordellia",10,"10_231",48,0.304880473046245,1,1,2015,0.587085940391631,0.771449848980467,1
"cordellia",11,"11_246",87,0.156079640892718,0,1,2016,0.781849371410442,1.3982528512771,1
"cordellia",13,"13_247",168,0.404091866100908,1,1,2018,1.17137623344806,2.70007447143163,1
"cordellia",14,"14_254",144,0.434182245853872,1,1,2019,1.36613966446687,2.3143495469414,1
"cork",12,"12_256",34,0.588910056509192,2,1,2020,0.976612802429253,0.546443643027831,1
"dingle",2,"2_271",77,0.210925964557579,0,1,2020,-0.971021507758856,1.2375341327395,1
"dingle",3,"3_275",118,0.41344025176139,1,1,2021,-0.776258076740045,1.89648087874365,1
"dingle",4,"4_279",72,0.543188607161322,1,1,2022,-0.581494645721234,1.1571747734707,1
"doolin",3,"3_283",57,0.319872432365462,1,1,2022,-0.776258076740045,0.916096695664304,1
"dor",7,"7_284",166,0.308619200630181,0,1,2010,0.00279564733519832,2.66793072772411,1
"dor",8,"8_286",45,0.220870814187949,1,1,2011,0.197559078354009,0.723234233419188,1
"dor",8,"8_287",32,0.378878075651517,2,1,2011,0.197559078354009,0.514299899320311,1
"dor",9,"9_300",52,0.235696951767459,1,1,2012,0.39232250937282,0.835737336395506,1
"dor",10,"10_307",23,0.348956428168549,1,1,2013,0.587085940391631,0.369653052636474,1
"dor",11,"11_316",82,0.180542137264432,2,1,2014,0.781849371410442,1.3178934920083,1
"dor",11,"11_317",54,0.332584922380126,1,1,2014,0.781849371410442,0.867881080103025,1
"dor",12,"12_318",106,0.206662120505727,0,1,2015,0.976612802429253,1.70361841649853,1
"dor",12,"12_320",53,0.237672430080719,0,1,2015,0.976612802429253,0.851809208249265,1
"dor",13,"13_329",56,0.279220246668499,1,1,2016,1.17137623344806,0.900024823810544,1
"dor",14,"14_331",120,0.346026408829502,1,1,2017,1.36613966446687,1.92862462245117,1
"dor",16,"16_338",25,0.466641109519231,1,1,2019,1.7556665265045,0.401796796343993,1
"dor",16,"16_339",138,0.306437286623432,1,1,2019,1.7556665265045,2.21791831581884,1
"dor",17,"17_342",125,0.425080609779917,1,1,2020,1.95042995752331,2.00898398171997,1
"dor",19,"19_375",20,0.61492589849551,1,1,2022,2.33995681956093,0.321437437075194,1
"dorsales",0,"0_382",21,0.297447440162687,1,1,2013,-1.36054836979648,0.337509308928954,1
"eberhardt",4,"4_414",36,0.229068011620377,0,1,2013,-0.581494645721234,0.57858738673535,1
"eberhardt",5,"5_431",116,0.336720484238905,3,1,2014,-0.386731214702424,1.86433713503613,1
"eberhardt",6,"6_438",117,0.213922848252627,0,1,2015,-0.191967783683613,1.88040900688989,1
"echo",0,"0_441",15,0.359963769802554,1,1,2021,-1.36054836979648,0.241078077806396,1
"echo",1,"1_442",83,0.504398918772247,1,1,2022,-1.16578493877767,1.33396536386206,1
"edward",1,"1_445",55,0.284629270066662,1,1,2022,-1.16578493877767,0.883952951956785,1
"electra",1,"1_449",131,0.452472813126899,1,1,2014,-1.16578493877767,2.10541521284252,1
"elgin",20,"20_450",33,0.612385572650654,2,1,2022,2.53472025057974,0.530371771174071,0
"eman",5,"5_458",25,0.441155585717548,1,1,2011,-0.386731214702424,0.401796796343993,1
"eman",6,"6_469",25,0.186726452442304,0,1,2012,-0.191967783683613,0.401796796343993,1
"epsilon",1,"1_471",44,0.347736105968538,1,1,2022,-1.16578493877767,0.707162361565428,1
"erasmus",1,"1_473",104,0.38255481740482,0,1,2022,-1.16578493877767,1.67147467279101,1
"estavan",7,"7_475",36,0.429636376581036,1,1,2022,0.00279564733519832,0.57858738673535,1
"etna",3,"3_476",164,0.4313692492224,1,1,2010,-0.776258076740045,2.63578698401659,1
"etna",4,"4_478",57,0.272550790291332,1,1,2011,-0.581494645721234,0.916096695664304,1
"etna",6,"6_485",18,0.151830143291026,0,1,2013,-0.191967783683613,0.289293693367675,1
"etna",6,"6_487",20,0.497598296283963,1,1,2013,-0.191967783683613,0.321437437075194,1
"etna",7,"7_499",54,0.402086016552729,1,1,2014,0.00279564733519832,0.867881080103025,1
"etna",7,"7_500",56,0.322030973916466,1,1,2014,0.00279564733519832,0.900024823810544,1
"etna",8,"8_508",103,0.311041508660819,1,1,2015,0.197559078354009,1.65540280093725,1
"etna",10,"10_537",16,0.508706078132495,1,1,2017,0.587085940391631,0.257149949660156,1
"etretat",16,"16_548",170,0.464331417014266,1,1,2022,1.7556665265045,2.73221821513915,1
"everest",5,"5_549",122,0.365328140608608,2,1,2012,-0.386731214702424,1.96076836615869,1
"everest",8,"8_552",93,0.23618557212787,0,1,2015,0.197559078354009,1.49468408239965,1
"evermore",18,"18_554",91,0.553290053637866,2,1,2022,2.14519338854212,1.46254033869213,0
"evermore",18,"18_555",39,0.353354437620401,1,1,2022,2.14519338854212,0.626803002296629,0
"faculta",20,"20_556",23,0.5809480759199,1,1,2021,2.53472025057974,0.369653052636474,0
"faculta",21,"21_557",65,0.444770469882747,1,1,2022,2.72948368159855,1.04467167049438,0
"fiver",19,"19_558",33,0.481729875349425,1,1,2021,2.33995681956093,0.530371771174071,0
"fiver",20,"20_558",69,0.445933207011686,1,1,2022,2.53472025057974,1.10895915790942,0
"galway",2,"2_561",198,0.409814290903051,1,1,2021,-0.971021507758856,3.18223062704443,1
"galway",3,"3_561",82,0.406113126473147,1,1,2022,-0.776258076740045,1.3178934920083,1
"gamad",3,"3_563",117,0.423900044928195,1,1,2022,-0.776258076740045,1.88040900688989,1
"geenie",0,"0_564",18,0.44363186686188,1,1,2020,-1.36054836979648,0.289293693367675,1
"geenie",1,"1_566",61,0.300875946078921,1,1,2021,-1.16578493877767,0.980384183079343,1
"geenie",2,"2_567",69,0.29856288315363,1,1,2022,-0.971021507758856,1.10895915790942,1
"gili",9,"9_568",41,0.378919640940096,1,1,2018,0.39232250937282,0.658946746004149,1
"gili",10,"10_568",189,0.593670065780215,1,1,2019,0.587085940391631,3.03758378036059,1
"gili",11,"11_568",174,0.488044574076966,1,1,2020,0.781849371410442,2.79650570255419,1
"gili",12,"12_573",151,0.43489994264022,1,1,2021,0.976612802429253,2.42685264991772,1
"gili",13,"13_578",43,0.309304546625122,4,1,2022,1.17137623344806,0.691090489711668,1
"gobi",12,"12_581",155,0.394136316540804,1,1,2018,0.976612802429253,2.49114013733276,1
"gobi",13,"13_581",243,0.482898998597901,1,1,2019,1.17137623344806,3.90546486046361,1
"gobi",14,"14_581",191,0.421679694139818,2,1,2020,1.36613966446687,3.06972752406811,1
"gobi",15,"15_584",185,0.477308368561217,1,1,2021,1.56090309548569,2.97329629294555,1
"gobi",16,"16_585",187,0.369525814080857,1,1,2022,1.7556665265045,3.00544003665307,1
"halifax",2,"2_586",161,0.442854952498848,1,1,2021,-0.971021507758856,2.58757136845532,1
"halifax",3,"3_586",157,0.399851057911933,1,1,2022,-0.776258076740045,2.52328388104028,1
"hasan",2,"2_587",100,0.37050230561,0,1,2018,-0.971021507758856,1.60718718537597,1
"hasan",3,"3_587",97,0.447877327276675,1,1,2019,-0.776258076740045,1.55897156981469,1
"hasan",3,"3_588",48,0.423567905526732,2,1,2019,-0.776258076740045,0.771449848980467,1
"hasan",4,"4_588",101,0.27802310007853,1,1,2020,-0.581494645721234,1.62325905722973,1
"hasan",5,"5_591",97,0.438472659558581,1,1,2021,-0.386731214702424,1.55897156981469,1
"hasan",6,"6_594",61,0.482827423385812,1,1,2022,-0.191967783683613,0.980384183079343,1
"hatfield",1,"1_598",82,0.235896615820311,1,1,2021,-1.16578493877767,1.3178934920083,1
"hatfield",2,"2_602",83,0.454940030464529,2,1,2022,-0.971021507758856,1.33396536386206,1
"helena",8,"8_603",46,0.290478114373991,1,1,2010,0.197559078354009,0.739306105272947,1
"helena",9,"9_603",113,0.384263892287929,1,1,2011,0.39232250937282,1.81612151947485,1
"helena",10,"10_612",32,0.301485435311991,1,1,2012,0.587085940391631,0.514299899320311,1
"helena",12,"12_615",33,0.299298957668464,1,1,2014,0.976612802429253,0.530371771174071,1
"helena",12,"12_616",56,0.419436531887714,2,1,2014,0.976612802429253,0.900024823810544,1
"helena",13,"13_617",31,0.503732323116575,1,1,2015,1.17137623344806,0.498228027466551,1
"hendrix",0,"0_618",16,0.645911282518197,2,1,2020,-1.36054836979648,0.257149949660156,1
"hendrix",1,"1_620",33,0.549748387211032,1,1,2021,-1.16578493877767,0.530371771174071,1
"hendrix",1,"1_621",65,0.358003895944025,1,1,2021,-1.16578493877767,1.04467167049438,1
"hendrix",2,"2_625",109,0.379825122286729,1,1,2022,-0.971021507758856,1.75183403205981,1
"henson",1,"1_628",69,0.258396826252279,0,1,2021,-1.16578493877767,1.10895915790942,1
"henson",2,"2_629",77,0.384311423795201,1,1,2022,-0.971021507758856,1.2375341327395,1
"hippocrates",15,"15_630",109,0.447612044969976,1,1,2022,1.56090309548569,1.75183403205981,1
"hoeman",19,"19_633",57,0.553604812366159,1,1,2022,2.33995681956093,0.916096695664304,1
"ira",2,"2_637",41,0.704325482276507,1,1,2020,-0.971021507758856,0.658946746004149,1
"ira",3,"3_637",138,0.358930093012897,1,1,2021,-0.776258076740045,2.21791831581884,1
"jacob",2,"2_662",89,0.27625638596891,0,1,2013,-0.971021507758856,1.43039659498462,1
"jacob",3,"3_666",22,0.50753661151101,1,1,2014,-0.776258076740045,0.353581180782714,1
"jacob",5,"5_685",108,0.447743180661271,1,1,2016,-0.386731214702424,1.73576216020605,1
"jacob",6,"6_696",28,0.415786382573901,1,1,2017,-0.191967783683613,0.450012411905272,1
"jacob",9,"9_738",52,0.338796225377332,1,1,2020,0.39232250937282,0.835737336395506,1
"jacob",10,"10_738",30,0.459637740220648,1,1,2021,0.587085940391631,0.482156155612792,1
"jaya",20,"20_739",15,0.509685604762737,1,1,2020,2.53472025057974,0.241078077806396,0
"jaya",20,"20_740",26,0.54443474499735,2,1,2020,2.53472025057974,0.417868668197753,0
"jaya",21,"21_740",24,0.577637577041412,1,1,2021,2.72948368159855,0.385724924490233,0
"Jill",3,"3_745",102,0.483126500495765,1,1,2021,-0.776258076740045,1.63933092908349,1
"Jill",4,"4_747",75,0.526618687240718,1,1,2022,-0.581494645721234,1.20539038903198,1
"jog",3,"3_748",42,0.399707382327405,1,1,2020,-0.776258076740045,0.675018617857908,1
"jog",4,"4_748",164,0.337962195673701,1,1,2021,-0.581494645721234,2.63578698401659,1
"jog",5,"5_748",89,0.65145131470892,2,1,2022,-0.386731214702424,1.43039659498462,1
"jojo",3,"3_750",146,0.497532888871709,2,1,2022,-0.776258076740045,2.34649329064892,1
"jored",5,"5_753",25,0.247971939657671,2,1,2010,-0.386731214702424,0.401796796343993,1
"jts",5,"5_756",23,0.405077016168265,1,1,2017,-0.386731214702424,0.369653052636474,1
"jts",6,"6_756",43,0.470114453627243,1,1,2018,-0.191967783683613,0.691090489711668,1
"juno",2,"2_757",138,0.291817268694261,1,1,2021,-0.971021507758856,2.21791831581884,1
"juno",3,"3_758",69,0.356579371234222,1,1,2022,-0.776258076740045,1.10895915790942,1
"kaltenbrunner ",8,"8_760",42,0.398485638760441,1,1,2015,0.197559078354009,0.675018617857908,1
"kaltenbrunner ",8,"8_763",56,0.411006047185652,1,1,2015,0.197559078354009,0.900024823810544,1
"kaolin",3,"3_764",27,0.493571639337647,1,1,2016,-0.776258076740045,0.433940540051513,1
"kaolin",4,"4_765",44,0.435992830723885,1,1,2017,-0.581494645721234,0.707162361565428,1
"kaolin",4,"4_766",52,0.47260957972888,2,1,2017,-0.581494645721234,0.835737336395506,1
"kaolin",4,"4_767",38,0.300644758044098,2,1,2017,-0.581494645721234,0.61073113044287,1
"kaolin",9,"9_769",117,0.577696306431278,2,1,2022,0.39232250937282,1.88040900688989,1
"karisimbi",6,"6_770",36,0.281081960961804,1,1,2010,-0.191967783683613,0.57858738673535,1
"karisimbi",7,"7_770",27,0.232093436700012,1,1,2011,0.00279564733519832,0.433940540051513,1
"kat",6,"6_776",44,0.243135914125287,0,1,2020,-0.191967783683613,0.707162361565428,1
"kat",7,"7_777",105,0.510247881627089,1,1,2021,0.00279564733519832,1.68754654464477,1
"kat",8,"8_780",126,0.311383304015246,2,1,2022,0.197559078354009,2.02505585357373,1
"kazania",1,"1_783",160,0.398750301469308,1,1,2022,-1.16578493877767,2.57149949660156,1
"king",2,"2_788",59,0.460828238121163,1,1,2019,-0.971021507758856,0.948240439371824,1
"king",3,"3_788",131,0.456212542807183,1,1,2020,-0.776258076740045,2.10541521284252,1
"king",4,"4_791",164,0.416969618239561,1,1,2021,-0.581494645721234,2.63578698401659,1
"klil",14,"14_792",46,0.556990704987668,1,1,2018,1.36613966446687,0.739306105272947,1
"klil",14,"14_793",66,0.612525180179878,1,1,2018,1.36613966446687,1.06074354234814,1
"klil",15,"15_794",90,0.712702887101894,1,1,2019,1.56090309548569,1.44646846683838,1
"klil",16,"16_797",76,0.54024957994511,2,1,2020,1.7556665265045,1.22146226088574,1
"klil",16,"16_799",38,0.528841205396308,2,1,2020,1.7556665265045,0.61073113044287,1
"klil",17,"17_809",86,0.488146172322278,2,1,2021,1.95042995752331,1.38218097942334,1
"klil",18,"18_819",55,0.637006081288659,1,1,2022,2.14519338854212,0.883952951956785,1
"kyllini",1,"1_821",71,0.501787833840225,1,1,2022,-1.16578493877767,1.14110290161694,1
"la paz",2,"2_822",100,0.324229632278811,1,1,2020,-0.971021507758856,1.60718718537597,1
"la paz",3,"3_827",130,0.329713856063233,1,1,2021,-0.776258076740045,2.08934334098876,1
"lenana",4,"4_863",28,0.429435605724313,1,1,2010,-0.581494645721234,0.450012411905272,1
"lenana",14,"14_866",29,0.271810909188213,1,1,2020,1.36613966446687,0.466084283759032,1
"lenana",15,"15_870",40,0.380505400485104,1,1,2021,1.56090309548569,0.642874874150389,1
"levy",15,"15_871",69,0.633764798839736,1,1,2019,1.56090309548569,1.10895915790942,1
"levy",16,"16_872",49,0.521480229806694,1,1,2020,1.7556665265045,0.787521720834226,1
"levy",16,"16_873",29,0.303999999157758,2,1,2020,1.7556665265045,0.466084283759032,1
"levy",17,"17_873",63,0.520173173449836,1,1,2021,1.95042995752331,1.01252792678686,1
"logan",21,"21_912",20,0.617376735810629,1,1,2021,2.72948368159855,0.321437437075194,0
"logan",22,"22_912",46,0.601509368417245,2,1,2022,2.92424711261736,0.739306105272947,0
"masada",5,"5_916",23,0.539196482961973,1,1,2012,-0.386731214702424,0.369653052636474,1
"masada",5,"5_920",24,0.405362225526867,2,1,2012,-0.386731214702424,0.385724924490233,1
"masada",6,"6_920",41,0.413011021252285,1,1,2013,-0.191967783683613,0.658946746004149,1
"masada",7,"7_926",34,0.315011689237377,1,1,2014,0.00279564733519832,0.546443643027831,1
"masada",7,"7_928",30,0.416848732062443,1,1,2014,0.00279564733519832,0.482156155612792,1
"methy",6,"6_931",30,0.374315922261714,3,1,2013,-0.191967783683613,0.482156155612792,1
"methy",6,"6_933",28,0.373608918652205,1,1,2013,-0.191967783683613,0.450012411905272,1
"methy",7,"7_933",19,0.546780762204512,2,1,2014,0.00279564733519832,0.305365565221435,1
"methy",7,"7_937",50,0.321013407940372,1,1,2014,0.00279564733519832,0.803593592687986,1
"methy",8,"8_950",106,0.354678508950873,1,1,2015,0.197559078354009,1.70361841649853,1
"methy",9,"9_961",43,0.440589290750078,1,1,2016,0.39232250937282,0.691090489711668,1
"methy",11,"11_989",130,0.446894197749792,2,1,2018,0.781849371410442,2.08934334098876,1
"methy",12,"12_998",104,0.335995152259128,0,1,2019,0.976612802429253,1.67147467279101,1
"nekarot",6,"6_1004",92,0.38308780760216,0,1,2013,-0.191967783683613,1.47861221054589,1
"nekarot",7,"7_1010",14,0.426973773215333,1,1,2014,0.00279564733519832,0.225006205952636,1
"nekarot",7,"7_1013",40,0.409044545205953,1,1,2014,0.00279564733519832,0.642874874150389,1
"nekarot",7,"7_1018",30,0.305818777879843,0,1,2014,0.00279564733519832,0.482156155612792,1
"nekarot",8,"8_1023",103,0.334802513698895,1,1,2015,0.197559078354009,1.65540280093725,1
"nekarot",8,"8_1024",32,0.300291906564457,1,1,2015,0.197559078354009,0.514299899320311,1
"nekarot",9,"9_1024",99,0.330672970712147,1,1,2016,0.39232250937282,1.59111531352221,1
"nekarot",10,"10_1032",32,0.346324213350067,1,1,2017,0.587085940391631,0.514299899320311,1
"nekarot",11,"11_1037",51,0.803220057317248,1,1,2018,0.781849371410442,0.819665464541746,1
"nekarot",12,"12_1050",67,0.424335285480679,1,1,2019,0.976612802429253,1.0768154142019,1
"nekarot",13,"13_1054",44,0.291460486610317,1,1,2020,1.17137623344806,0.707162361565428,1
"nekarot",13,"13_1055",36,0.378888972855991,1,1,2020,1.17137623344806,0.57858738673535,1
"nekarot",13,"13_1056",50,0.367075550603977,1,1,2020,1.17137623344806,0.803593592687986,1
"nekarot",14,"14_1056",133,0.274568656393133,1,1,2021,1.36613966446687,2.13755895655004,1
"neufneuf",1,"1_1063",128,0.487533800199612,1,1,2022,-1.16578493877767,2.05719959728124,1
"nevada",7,"7_1074",47,0.546121239087375,1,1,2016,0.00279564733519832,0.755377977126707,1
"nevada",8,"8_1093",48,0.285216371494446,1,1,2017,0.197559078354009,0.771449848980467,1
"nevada",11,"11_1094",27,0.583823475435793,1,1,2020,0.781849371410442,0.433940540051513,1
"nevada",12,"12_1094",122,0.555672918510084,2,1,2021,0.976612802429253,1.96076836615869,1
"nevada",13,"13_1094",64,0.460373059815467,1,1,2022,1.17137623344806,1.02859979864062,1
"nico",15,"15_1098",49,0.415310060795457,1,1,2019,1.56090309548569,0.787521720834226,1
"nico",16,"16_1098",74,0.439304839883744,1,1,2020,1.7556665265045,1.18931851717822,1
"nico",17,"17_1100",72,0.398329803142238,1,1,2021,1.95042995752331,1.1571747734707,1
"nico",18,"18_1102",100,0.59732623954572,1,1,2022,2.14519338854212,1.60718718537597,1
"nimrod",5,"5_1104",21,0.680107483119104,1,1,2009,-0.386731214702424,0.337509308928954,1
"nimrod",6,"6_1104",18,0.390467232828779,1,1,2010,-0.191967783683613,0.289293693367675,1
"nitika",8,"8_1105",109,0.379054756740592,2,1,2021,0.197559078354009,1.75183403205981,1
"nitika",9,"9_1105",36,0.441888829655375,1,1,2022,0.39232250937282,0.57858738673535,1
"nitika",9,"9_1106",60,0.551091196615189,2,1,2022,0.39232250937282,0.964312311225583,1
"noa",16,"16_1107",34,0.3073015800458,1,1,2020,1.7556665265045,0.546443643027831,1
"noa",17,"17_1107",128,0.620540493854907,1,1,2021,1.95042995752331,2.05719959728124,1
"noa",18,"18_1107",80,0.489634932466984,1,1,2022,2.14519338854212,1.28574974830078,1
"pamela",5,"5_1117",63,0.158511806419324,0,1,2012,-0.386731214702424,1.01252792678686,1
"pamela",5,"5_1118",39,0.306088491544521,2,1,2012,-0.386731214702424,0.626803002296629,1
"pamela",6,"6_1125",110,0.486625812681728,1,1,2013,-0.191967783683613,1.76790590391357,1
"pamela",7,"7_1131",53,0.485250662218664,1,1,2014,0.00279564733519832,0.851809208249265,1
"pamela",7,"7_1132",89,0.444588653364168,1,1,2014,0.00279564733519832,1.43039659498462,1
"pamela",8,"8_1135",139,0.542705063313226,1,1,2015,0.197559078354009,2.2339901876726,1
"pamela",14,"14_1137",25,0.394999649749656,1,1,2021,1.36613966446687,0.401796796343993,1
"pamela",15,"15_1138",94,0.372361494284624,1,1,2022,1.56090309548569,1.51075595425341,1
"pfeiffer",3,"3_1142",41,0.183302491586416,0,1,2015,-0.776258076740045,0.658946746004149,1
"phili",2,"2_1146",79,0.471107880534395,1,1,2021,-0.971021507758856,1.26967787644702,1
"phili",3,"3_1148",55,0.43205948740271,1,1,2022,-0.776258076740045,0.883952951956785,1
"pindus",0,"0_1149",23,0.159948051832395,0,1,2021,-1.36054836979648,0.369653052636474,1
"pindus",0,"0_1151",14,0.801040902677209,2,1,2021,-1.36054836979648,0.225006205952636,1
"pindus",1,"1_1152",97,0.299436039145613,1,1,2022,-1.16578493877767,1.55897156981469,1
"pinter",1,"1_1156",138,0.376577797143447,1,1,2021,-1.16578493877767,2.21791831581884,1
"pinter",2,"2_1158",113,0.40543220138375,1,1,2022,-0.971021507758856,1.81612151947485,1
"plettenberg",21,"21_1160",25,0.335651484468153,1,1,2021,2.72948368159855,0.401796796343993,0
"plettenberg",22,"22_1161",137,0.472404380830588,1,1,2022,2.92424711261736,2.20184644396508,0
"rehovot",1,"1_1164",31,0.400242304376671,1,1,2014,-1.16578493877767,0.498228027466551,1
"rehovot",1,"1_1165",57,0.333911304780478,1,1,2014,-1.16578493877767,0.916096695664304,1
"rehovot",1,"1_1170",21,0.360398965461566,1,1,2014,-1.16578493877767,0.337509308928954,1
"rehovot",2,"2_1170",40,0.45743159242308,1,1,2015,-0.971021507758856,0.642874874150389,1
"rehovot",2,"2_1171",69,0.334220925769247,1,1,2015,-0.971021507758856,1.10895915790942,1
"rehovot",2,"2_1172",17,0.583803837008612,1,1,2015,-0.971021507758856,0.273221821513915,1
"rehovot",3,"3_1174",30,0.574374269643865,2,1,2016,-0.776258076740045,0.482156155612792,1
"rehovot",3,"3_1175",45,0.785332904780765,1,1,2016,-0.776258076740045,0.723234233419188,1
"rehovot",4,"4_1191",79,0.466331354689322,1,1,2017,-0.581494645721234,1.26967787644702,1
"root",6,"6_1268",24,0.427499260178872,1,1,2021,-0.191967783683613,0.385724924490233,1
"root",7,"7_1268",62,0.460980705747357,1,1,2022,0.00279564733519832,0.996456054933103,1
"sabath",5,"5_1269",131,0.410731099128471,1,1,2017,-0.386731214702424,2.10541521284252,1
"sabath",6,"6_1269",51,0.288348059895084,0,1,2018,-0.191967783683613,0.819665464541746,1
"sabath",6,"6_1270",107,0.498094735689142,1,1,2018,-0.191967783683613,1.71969028835229,1
"sabath",7,"7_1271",144,0.453872200351112,1,1,2019,0.00279564733519832,2.3143495469414,1
"sabath",8,"8_1276",94,0.326326888301925,1,1,2020,0.197559078354009,1.51075595425341,1
"scout",13,"13_1341",25,0.357501797019894,1,1,2019,1.17137623344806,0.401796796343993,1
"scout",14,"14_1346",58,0.525146876684159,1,1,2020,1.36613966446687,0.932168567518064,1
"scout",14,"14_1347",22,0.421736114574127,2,1,2020,1.36613966446687,0.353581180782714,1
"scout",15,"15_1352",149,0.360635998277509,1,1,2021,1.56090309548569,2.3947089062102,1
"scout",16,"16_1356",88,0.275672833734128,1,1,2022,1.7556665265045,1.41432472313086,1
"shiva",4,"4_1362",64,0.459678962197882,1,1,2022,-0.581494645721234,1.02859979864062,1
"shkhara",8,"8_1364",179,0.272229945041614,0,1,2010,0.197559078354009,2.87686506182299,1
"simcha",7,"7_1368",72,0.498676123337305,2,1,2022,0.00279564733519832,1.1571747734707,1
"skala",1,"1_1371",128,0.435033953407459,1,1,2022,-1.16578493877767,2.05719959728124,1
"skolio",1,"1_1373",53,0.259338758737097,0,1,2022,-1.16578493877767,0.851809208249265,1
"spiegel",6,"6_1374",24,0.443850505811804,1,1,2021,-0.191967783683613,0.385724924490233,1
"steve",2,"2_1375",115,0.386492974885905,1,1,2020,-0.971021507758856,1.84826526318237,1
"talkitna",7,"7_1376",34,0.310383453152267,1,1,2021,0.00279564733519832,0.546443643027831,1
"talkitna",8,"8_1376",101,0.452510478451769,1,1,2022,0.197559078354009,1.62325905722973,1
"taranaki",7,"7_1398",25,0.311876781338397,1,1,2013,0.00279564733519832,0.401796796343993,1
"taranaki",8,"8_1398",24,0.645059850355515,2,1,2014,0.197559078354009,0.385724924490233,1
"taranaki",8,"8_1399",47,0.303727416570884,1,1,2014,0.197559078354009,0.755377977126707,1
"tay",2,"2_1403",85,0.383340953661903,1,1,2021,-0.971021507758856,1.36610910756958,1
"tennessee",8,"8_1407",18,0.369213036593308,1,1,2014,0.197559078354009,0.289293693367675,1
"tennessee",9,"9_1408",73,0.482864757138868,1,1,2015,0.39232250937282,1.17324664532446,1
"tennessee",12,"12_1409",113,0.573717228246749,2,1,2018,0.976612802429253,1.81612151947485,1
"tennessee",13,"13_1409",89,0.619312790238938,2,1,2019,1.17137623344806,1.43039659498462,1
"tennessee",14,"14_1412",68,0.240886111594551,3,1,2020,1.36613966446687,1.09288728605566,1
"tennessee",14,"14_1413",42,0.513441374549947,1,1,2020,1.36613966446687,0.675018617857908,1
"tennessee",15,"15_1413",90,0.581169619780832,1,1,2021,1.56090309548569,1.44646846683838,1
"tess",7,"7_1416",91,0.520732054467744,1,1,2022,0.00279564733519832,1.46254033869213,1
"tikishla",18,"18_1420",121,0.469007481751096,1,1,2022,2.14519338854212,1.94469649430493,0
"whosit",4,"4_1424",26,0.596533345132702,1,1,2017,-0.581494645721234,0.417868668197753,1
"whosit",4,"4_1426",28,0.605844694973127,1,1,2017,-0.581494645721234,0.450012411905272,1
"whosit",5,"5_1428",51,0.490405879401911,1,1,2018,-0.386731214702424,0.819665464541746,1
"xena",8,"8_1455",34,0.388432208481344,1,1,2020,0.197559078354009,0.546443643027831,1
"xena",9,"9_1455",125,0.48032402304453,1,1,2021,0.39232250937282,2.00898398171997,1
"yariv",5,"5_1466",24,0.35294388682154,1,1,2009,-0.386731214702424,0.385724924490233,1
"yohai",13,"13_1472",31,0.362859449155386,1,1,2020,1.17137623344806,0.498228027466551,1
"yohai",14,"14_1472",71,0.558946313788675,1,1,2021,1.36613966446687,1.14110290161694,1
"yomtov",3,"3_1474",60,0.465449886601011,1,1,2022,-0.776258076740045,0.964312311225583,1
"yonat",13,"13_1489",130,0.417821456034828,1,1,2021,1.17137623344806,2.08934334098876,1
"yonat",13,"13_1492",21,0.391368876157578,1,1,2021,1.17137623344806,0.337509308928954,1
"yoyo",2,"2_1495",115,0.313004072158522,1,1,2021,-0.971021507758856,1.84826526318237,1
"yoyo",3,"3_1497",83,0.440209579136427,1,1,2022,-0.776258076740045,1.33396536386206,1
"yungala",1,"1_1502",71,0.263453360589214,1,1,2014,-1.16578493877767,1.14110290161694,1
"yungala",2,"2_1507",72,0.29524842379392,0,1,2015,-0.971021507758856,1.1571747734707,1
"yungala",3,"3_1515",41,0.328544029659442,1,1,2016,-0.776258076740045,0.658946746004149,1
"yungala",8,"8_1598",26,0.400960895702843,1,1,2021,0.197559078354009,0.417868668197753,1
"yungfrau",9,"9_1599",25,0.454492358464663,1,1,2009,0.39232250937282,0.401796796343993,1
"yungfrau",9,"9_1601",60,0.27170760991634,2,1,2009,0.39232250937282,0.964312311225583,1
"E06",2,"2_406",11,0,NA,0,2013,-0.971021507758856,0.176790590391357,1
"Jill",2,"2_742",10,0,NA,0,2020,-0.971021507758856,0.160718718537597,1
"abel",5,"5_2",27,0,NA,0,2021,-0.386731214702424,0.433940540051513,1
"addo",2,"2_4",19,0,NA,0,2021,-0.971021507758856,0.305365565221435,1
"alex",4,"4_6",20,0,NA,0,2021,-0.581494645721234,0.321437437075194,1
"alex",5,"5_6",44,0,NA,0,2022,-0.386731214702424,0.707162361565428,1
"aliwal",0,"0_8",24,0,NA,0,2020,-1.36054836979648,0.385724924490233,1
"aliwal",1,"1_10",21,0,NA,0,2021,-1.16578493877767,0.337509308928954,1
"andromeda",6,"6_16",11,0,NA,0,2010,-0.191967783683613,0.176790590391357,1
"andromeda",7,"7_16",17,0,NA,0,2011,0.00279564733519832,0.273221821513915,1
"arbel",4,"4_19",17,0,NA,0,2011,-0.581494645721234,0.273221821513915,1
"arbel",5,"5_28",11,0,NA,0,2012,-0.386731214702424,0.176790590391357,1
"arbel",5,"5_30",19,0,NA,0,2012,-0.386731214702424,0.305365565221435,1
"armstrong",2,"2_37",38,0,NA,0,2015,-0.971021507758856,0.61073113044287,1
"armstrong",4,"4_59",13,0,NA,0,2017,-0.581494645721234,0.208934334098876,1
"armstrong",5,"5_62",13,0,NA,0,2018,-0.386731214702424,0.208934334098876,1
"armstrong",5,"5_64",10,0,NA,0,2018,-0.386731214702424,0.160718718537597,1
"armstrong",5,"5_74",33,0,NA,0,2018,-0.386731214702424,0.530371771174071,1
"armstrong",6,"6_86",12,0,NA,0,2019,-0.191967783683613,0.192862462245117,1
"armstrong",7,"7_103",41,0,NA,0,2020,0.00279564733519832,0.658946746004149,1
"armstrong",7,"7_97",15,0,NA,0,2020,0.00279564733519832,0.241078077806396,1
"armstrong",8,"8_104",26,0,NA,0,2021,0.197559078354009,0.417868668197753,1
"assegais",1,"1_116",14,0,NA,0,2021,-1.16578493877767,0.225006205952636,1
"assegais",1,"1_117",18,0,NA,0,2021,-1.16578493877767,0.289293693367675,1
"baker",4,"4_123",39,0,NA,0,2008,-0.581494645721234,0.626803002296629,1
"baker",5,"5_129",14,0,NA,0,2009,-0.386731214702424,0.225006205952636,1
"baker",5,"5_134",19,0,NA,0,2009,-0.386731214702424,0.305365565221435,1
"baker",6,"6_134",14,0,NA,0,2010,-0.191967783683613,0.225006205952636,1
"caine",5,"5_144",16,0,NA,0,2021,-0.386731214702424,0.257149949660156,1
"calamity",1,"1_146",23,0,NA,0,2013,-1.16578493877767,0.369653052636474,1
"cale",2,"2_152",31,0,NA,0,2020,-0.971021507758856,0.498228027466551,1
"cantata",6,"6_162",16,0,NA,0,2021,-0.191967783683613,0.257149949660156,1
"cantata",6,"6_163",13,0,NA,0,2021,-0.191967783683613,0.208934334098876,1
"chegovar",4,"4_173",13,0,NA,0,2022,-0.581494645721234,0.208934334098876,1
"chegovar",4,"4_176",12,0,NA,0,2022,-0.581494645721234,0.192862462245117,1
"chegovar",4,"4_178",15,0,NA,0,2022,-0.581494645721234,0.241078077806396,1
"chegovar",4,"4_179",21,0,NA,0,2022,-0.581494645721234,0.337509308928954,1
"circus",2,"2_181",71,0,NA,0,2021,-0.971021507758856,1.14110290161694,1
"circus",2,"2_182",39,0,NA,0,2021,-0.971021507758856,0.626803002296629,1
"circus",3,"3_193",11,0,NA,0,2022,-0.776258076740045,0.176790590391357,1
"circus",3,"3_194",13,0,NA,0,2022,-0.776258076740045,0.208934334098876,1
"circus",3,"3_200",19,0,NA,0,2022,-0.776258076740045,0.305365565221435,1
"circus",3,"3_203",10,0,NA,0,2022,-0.776258076740045,0.160718718537597,1
"cordellia",8,"8_208",10,0,NA,0,2013,0.197559078354009,0.160718718537597,1
"cordellia",9,"9_208",11,0,NA,0,2014,0.39232250937282,0.176790590391357,1
"cordellia",10,"10_236",24,0,NA,0,2015,0.587085940391631,0.385724924490233,1
"cordellia",11,"11_245",20,0,NA,0,2016,0.781849371410442,0.321437437075194,1
"cordellia",12,"12_247",30,0,NA,0,2017,0.976612802429253,0.482156155612792,1
"cordellia",14,"14_251",12,0,NA,0,2019,1.36613966446687,0.192862462245117,1
"cordellia",14,"14_252",15,0,NA,0,2019,1.36613966446687,0.241078077806396,1
"cordellia",14,"14_255",16,0,NA,0,2019,1.36613966446687,0.257149949660156,1
"cordellia",15,"15_255",161,0,NA,0,2020,1.56090309548569,2.58757136845532,1
"dana",0,"0_257",14,0,NA,0,2013,-1.36054836979648,0.225006205952636,1
"dani",2,"2_261",17,0,NA,0,2019,-0.971021507758856,0.273221821513915,1
"dani",3,"3_266",15,0,NA,0,2020,-0.776258076740045,0.241078077806396,1
"dingle",1,"1_269",19,0,NA,0,2019,-1.16578493877767,0.305365565221435,1
"dingle",2,"2_272",29,0,NA,0,2020,-0.971021507758856,0.466084283759032,1
"dingle",3,"3_276",11,0,NA,0,2021,-0.776258076740045,0.176790590391357,1
"doolin",1,"1_281",11,0,NA,0,2020,-1.16578493877767,0.176790590391357,1
"doolin",2,"2_282",42,0,NA,0,2021,-0.971021507758856,0.675018617857908,1
"dor",6,"6_284",33,0,NA,0,2009,-0.191967783683613,0.530371771174071,1
"dor",7,"7_286",48,0,NA,0,2010,0.00279564733519832,0.771449848980467,1
"dor",10,"10_305",58,0,NA,0,2013,0.587085940391631,0.932168567518064,1
"dor",10,"10_309",13,0,NA,0,2013,0.587085940391631,0.208934334098876,1
"dor",11,"11_310",58,0,NA,0,2014,0.781849371410442,0.932168567518064,1
"dor",12,"12_317",19,0,NA,0,2015,0.976612802429253,0.305365565221435,1
"dor",12,"12_319",18,0,NA,0,2015,0.976612802429253,0.289293693367675,1
"dor",12,"12_321",22,0,NA,0,2015,0.976612802429253,0.353581180782714,1
"dor",13,"13_322",18,0,NA,0,2016,1.17137623344806,0.289293693367675,1
"dor",13,"13_323",14,0,NA,0,2016,1.17137623344806,0.225006205952636,1
"dor",15,"15_338",11,0,NA,0,2018,1.56090309548569,0.176790590391357,1
"dor",18,"18_348",16,0,NA,0,2021,2.14519338854212,0.257149949660156,1
"dor",18,"18_353",12,0,NA,0,2021,2.14519338854212,0.192862462245117,1
"dor",18,"18_355",12,0,NA,0,2021,2.14519338854212,0.192862462245117,1
"dor",19,"19_379",14,0,NA,0,2022,2.33995681956093,0.225006205952636,1
"dorsales",2,"2_393",40,0,NA,0,2015,-0.971021507758856,0.642874874150389,1
"dorsales",2,"2_394",10,0,NA,0,2015,-0.971021507758856,0.160718718537597,1
"dorsales",3,"3_395",16,0,NA,0,2016,-0.776258076740045,0.257149949660156,1
"dorsales",3,"3_400",15,0,NA,0,2016,-0.776258076740045,0.241078077806396,1
"dorsales",3,"3_401",23,0,NA,0,2016,-0.776258076740045,0.369653052636474,1
"eberhardt",4,"4_416",18,0,NA,0,2013,-0.581494645721234,0.289293693367675,1
"eberhardt",4,"4_418",15,0,NA,0,2013,-0.581494645721234,0.241078077806396,1
"eberhardt",6,"6_439",11,0,NA,0,2015,-0.191967783683613,0.176790590391357,1
"elgin",19,"19_450",15,0,NA,0,2021,2.33995681956093,0.241078077806396,0
"eman",4,"4_451",26,0,NA,0,2010,-0.581494645721234,0.417868668197753,1
"eman",5,"5_452",28,0,NA,0,2011,-0.386731214702424,0.450012411905272,1
"eman",5,"5_457",14,0,NA,0,2011,-0.386731214702424,0.225006205952636,1
"eman",5,"5_462",27,0,NA,0,2011,-0.386731214702424,0.433940540051513,1
"eman",6,"6_462",14,0,NA,0,2012,-0.191967783683613,0.225006205952636,1
"eman",6,"6_463",15,0,NA,0,2012,-0.191967783683613,0.241078077806396,1
"eman",6,"6_464",50,0,NA,0,2012,-0.191967783683613,0.803593592687986,1
"eman",6,"6_465",33,0,NA,0,2012,-0.191967783683613,0.530371771174071,1
"eman",6,"6_466",14,0,NA,0,2012,-0.191967783683613,0.225006205952636,1
"epsilon",0,"0_470",16,0,NA,0,2021,-1.36054836979648,0.257149949660156,1
"erasmus",0,"0_472",16,0,NA,0,2021,-1.36054836979648,0.257149949660156,1
"erasmus",0,"0_473",21,0,NA,0,2021,-1.36054836979648,0.337509308928954,1
"estavan",6,"6_475",18,0,NA,0,2021,-0.191967783683613,0.289293693367675,1
"etna",2,"2_476",26,0,NA,0,2009,-0.971021507758856,0.417868668197753,1
"etna",3,"3_477",39,0,NA,0,2010,-0.776258076740045,0.626803002296629,1
"etna",3,"3_478",17,0,NA,0,2010,-0.776258076740045,0.273221821513915,1
"etna",4,"4_480",18,0,NA,0,2011,-0.581494645721234,0.289293693367675,1
"etna",5,"5_482",17,0,NA,0,2012,-0.386731214702424,0.273221821513915,1
"etna",8,"8_505",20,0,NA,0,2015,0.197559078354009,0.321437437075194,1
"etna",9,"9_517",21,0,NA,0,2016,0.39232250937282,0.337509308928954,1
"etna",10,"10_540",10,0,NA,0,2017,0.587085940391631,0.160718718537597,1
"etna",10,"10_541",15,0,NA,0,2017,0.587085940391631,0.241078077806396,1
"etretat",15,"15_542",23,0,NA,0,2021,1.56090309548569,0.369653052636474,1
"everest",4,"4_549",11,0,NA,0,2011,-0.581494645721234,0.176790590391357,1
"everest",5,"5_550",37,0,NA,0,2012,-0.386731214702424,0.59465925858911,1
"everest",7,"7_551",26,0,NA,0,2014,0.00279564733519832,0.417868668197753,1
"everest",8,"8_553",19,0,NA,0,2015,0.197559078354009,0.305365565221435,1
"galway",1,"1_560",15,0,NA,0,2020,-1.16578493877767,0.241078077806396,1
"galway",1,"1_561",31,0,NA,0,2020,-1.16578493877767,0.498228027466551,1
"gamad",2,"2_562",29,0,NA,0,2021,-0.971021507758856,0.466084283759032,1
"gamad",2,"2_563",14,0,NA,0,2021,-0.971021507758856,0.225006205952636,1
"gili",11,"11_571",12,0,NA,0,2020,0.781849371410442,0.192862462245117,1
"gili",12,"12_572",17,0,NA,0,2021,0.976612802429253,0.273221821513915,1
"gili",12,"12_574",11,0,NA,0,2021,0.976612802429253,0.176790590391357,1
"gili",12,"12_575",16,0,NA,0,2021,0.976612802429253,0.257149949660156,1
"gili",13,"13_575",18,0,NA,0,2022,1.17137623344806,0.289293693367675,1
"gili",13,"13_579",42,0,NA,0,2022,1.17137623344806,0.675018617857908,1
"gobi",11,"11_580",24,0,NA,0,2017,0.781849371410442,0.385724924490233,1
"gobi",11,"11_581",19,0,NA,0,2017,0.781849371410442,0.305365565221435,1
"gobi",14,"14_584",56,0,NA,0,2020,1.36613966446687,0.900024823810544,1
"gobi",15,"15_585",31,0,NA,0,2021,1.56090309548569,0.498228027466551,1
"hasan",4,"4_590",17,0,NA,0,2020,-0.581494645721234,0.273221821513915,1
"hasan",4,"4_591",25,0,NA,0,2020,-0.581494645721234,0.401796796343993,1
"hasan",5,"5_592",13,0,NA,0,2021,-0.386731214702424,0.208934334098876,1
"hasan",5,"5_593",10,0,NA,0,2021,-0.386731214702424,0.160718718537597,1
"hasan",5,"5_594",12,0,NA,0,2021,-0.386731214702424,0.192862462245117,1
"hatfield",0,"0_596",12,0,NA,0,2020,-1.36054836979648,0.192862462245117,1
"hatfield",1,"1_599",11,0,NA,0,2021,-1.16578493877767,0.176790590391357,1
"helena",9,"9_604",23,0,NA,0,2011,0.39232250937282,0.369653052636474,1
"helena",9,"9_605",20,0,NA,0,2011,0.39232250937282,0.321437437075194,1
"helena",10,"10_605",22,0,NA,0,2012,0.587085940391631,0.353581180782714,1
"helena",10,"10_606",20,0,NA,0,2012,0.587085940391631,0.321437437075194,1
"helena",10,"10_611",15,0,NA,0,2012,0.587085940391631,0.241078077806396,1
"helena",11,"11_614",10,0,NA,0,2013,0.781849371410442,0.160718718537597,1
"helena",12,"12_617",12,0,NA,0,2014,0.976612802429253,0.192862462245117,1
"hendrix",0,"0_620",12,0,NA,0,2020,-1.36054836979648,0.192862462245117,1
"hendrix",1,"1_622",13,0,NA,0,2021,-1.16578493877767,0.208934334098876,1
"hippocrates",14,"14_630",25,0,NA,0,2021,1.36613966446687,0.401796796343993,1
"hoeman",18,"18_633",19,0,NA,0,2021,2.14519338854212,0.305365565221435,1
"ira",2,"2_634",13,0,NA,0,2020,-0.971021507758856,0.208934334098876,1
"ira",2,"2_636",57,0,NA,0,2020,-0.971021507758856,0.916096695664304,1
"ira",4,"4_647",13,0,NA,0,2022,-0.581494645721234,0.208934334098876,1
"ira",4,"4_650",11,0,NA,0,2022,-0.581494645721234,0.176790590391357,1
"ira",4,"4_656",18,0,NA,0,2022,-0.581494645721234,0.289293693367675,1
"ira",4,"4_659",10,0,NA,0,2022,-0.581494645721234,0.160718718537597,1
"jacob",2,"2_661",15,0,NA,0,2013,-0.971021507758856,0.241078077806396,1
"jacob",3,"3_663",11,0,NA,0,2014,-0.776258076740045,0.176790590391357,1
"jacob",3,"3_664",11,0,NA,0,2014,-0.776258076740045,0.176790590391357,1
"jacob",3,"3_665",29,0,NA,0,2014,-0.776258076740045,0.466084283759032,1
"jacob",3,"3_669",29,0,NA,0,2014,-0.776258076740045,0.466084283759032,1
"jacob",3,"3_672",13,0,NA,0,2014,-0.776258076740045,0.208934334098876,1
"jacob",4,"4_676",77,0,NA,0,2015,-0.581494645721234,1.2375341327395,1
"jacob",4,"4_679",17,0,NA,0,2015,-0.581494645721234,0.273221821513915,1
"jacob",4,"4_684",11,0,NA,0,2015,-0.581494645721234,0.176790590391357,1
"jacob",4,"4_685",37,0,NA,0,2015,-0.581494645721234,0.59465925858911,1
"jacob",5,"5_688",12,0,NA,0,2016,-0.386731214702424,0.192862462245117,1
"jacob",7,"7_701",10,0,NA,0,2018,0.00279564733519832,0.160718718537597,1
"jojo",2,"2_749",17,0,NA,0,2021,-0.971021507758856,0.273221821513915,1
"joplin",0,"0_751",11,0,NA,0,2020,-1.36054836979648,0.176790590391357,1
"jts",1,"1_755",14,0,NA,0,2013,-1.16578493877767,0.225006205952636,1
"kaltenbrunner ",7,"7_760",19,0,NA,0,2014,0.00279564733519832,0.305365565221435,1
"kaolin",8,"8_768",15,0,NA,0,2021,0.197559078354009,0.241078077806396,1
"kaolin",8,"8_769",16,0,NA,0,2021,0.197559078354009,0.257149949660156,1
"karisimbi",7,"7_771",19,0,NA,0,2011,0.00279564733519832,0.305365565221435,1
"kasama",20,"20_773",11,0,NA,0,2021,2.53472025057974,0.176790590391357,1
"kat",7,"7_776",26,0,NA,0,2021,0.00279564733519832,0.417868668197753,1
"kat",7,"7_779",10,0,NA,0,2021,0.00279564733519832,0.160718718537597,1
"kat",7,"7_780",23,0,NA,0,2021,0.00279564733519832,0.369653052636474,1
"kazania",0,"0_781",16,0,NA,0,2021,-1.36054836979648,0.257149949660156,1
"kazania",0,"0_783",17,0,NA,0,2021,-1.36054836979648,0.273221821513915,1
"kedros",12,"12_784",12,0,NA,0,2021,0.976612802429253,0.192862462245117,1
"kedros",13,"13_784",23,0,NA,0,2022,1.17137623344806,0.369653052636474,1
"kilkenny",5,"5_787",16,0,NA,0,2021,-0.386731214702424,0.257149949660156,1
"king",3,"3_789",16,0,NA,0,2020,-0.776258076740045,0.257149949660156,1
"king",3,"3_791",29,0,NA,0,2020,-0.776258076740045,0.466084283759032,1
"klil",13,"13_792",24,0,NA,0,2017,1.17137623344806,0.385724924490233,1
"la paz",2,"2_824",19,0,NA,0,2020,-0.971021507758856,0.305365565221435,1
"la paz",2,"2_827",19,0,NA,0,2020,-0.971021507758856,0.305365565221435,1
"la paz",3,"3_829",10,0,NA,0,2021,-0.776258076740045,0.160718718537597,1
"la paz",4,"4_854",10,0,NA,0,2022,-0.581494645721234,0.160718718537597,1
"lenana",3,"3_859",24,0,NA,0,2009,-0.776258076740045,0.385724924490233,1
"lenana",4,"4_859",15,0,NA,0,2010,-0.581494645721234,0.241078077806396,1
"lenana",4,"4_860",17,0,NA,0,2010,-0.581494645721234,0.273221821513915,1
"lenana",4,"4_861",40,0,NA,0,2010,-0.581494645721234,0.642874874150389,1
"lenana",4,"4_862",24,0,NA,0,2010,-0.581494645721234,0.385724924490233,1
"lenana",4,"4_864",24,0,NA,0,2010,-0.581494645721234,0.385724924490233,1
"lenana",14,"14_865",20,0,NA,0,2020,1.36613966446687,0.321437437075194,1
"lenana",15,"15_866",12,0,NA,0,2021,1.56090309548569,0.192862462245117,1
"lenana",15,"15_869",15,0,NA,0,2021,1.56090309548569,0.241078077806396,1
"liam",8,"8_902",33,0,NA,0,2010,0.197559078354009,0.530371771174071,1
"liam",9,"9_902",10,0,NA,0,2011,0.39232250937282,0.160718718537597,1
"lucania",4,"4_913",46,0,NA,0,2010,-0.581494645721234,0.739306105272947,1
"lucania",5,"5_913",12,0,NA,0,2011,-0.386731214702424,0.192862462245117,1
"masada",4,"4_915",11,0,NA,0,2011,-0.581494645721234,0.176790590391357,1
"masada",4,"4_916",16,0,NA,0,2011,-0.581494645721234,0.257149949660156,1
"masada",5,"5_918",31,0,NA,0,2012,-0.386731214702424,0.498228027466551,1
"masada",5,"5_919",26,0,NA,0,2012,-0.386731214702424,0.417868668197753,1
"masada",6,"6_922",20,0,NA,0,2013,-0.191967783683613,0.321437437075194,1
"mawenzi",9,"9_930",15,0,NA,0,2009,0.39232250937282,0.241078077806396,1
"methy",5,"5_931",31,0,NA,0,2012,-0.386731214702424,0.498228027466551,1
"methy",6,"6_932",15,0,NA,0,2013,-0.191967783683613,0.241078077806396,1
"methy",7,"7_934",10,0,NA,0,2014,0.00279564733519832,0.160718718537597,1
"methy",7,"7_940",10,0,NA,0,2014,0.00279564733519832,0.160718718537597,1
"methy",7,"7_942",11,0,NA,0,2014,0.00279564733519832,0.176790590391357,1
"methy",8,"8_949",14,0,NA,0,2015,0.197559078354009,0.225006205952636,1
"methy",8,"8_952",29,0,NA,0,2015,0.197559078354009,0.466084283759032,1
"methy",10,"10_987",29,0,NA,0,2017,0.587085940391631,0.466084283759032,1
"methy",11,"11_987",15,0,NA,0,2018,0.781849371410442,0.241078077806396,1
"methy",12,"12_993",12,0,NA,0,2019,0.976612802429253,0.192862462245117,1
"nekarot",5,"5_1001",11,0,NA,0,2012,-0.386731214702424,0.176790590391357,1
"nekarot",6,"6_1001",10,0,NA,0,2013,-0.191967783683613,0.160718718537597,1
"nekarot",6,"6_1005",16,0,NA,0,2013,-0.191967783683613,0.257149949660156,1
"nekarot",6,"6_1007",11,0,NA,0,2013,-0.191967783683613,0.176790590391357,1
"nekarot",6,"6_1008",10,0,NA,0,2013,-0.191967783683613,0.160718718537597,1
"nekarot",6,"6_1009",20,0,NA,0,2013,-0.191967783683613,0.321437437075194,1
"nekarot",10,"10_1028",14,0,NA,0,2017,0.587085940391631,0.225006205952636,1
"nekarot",11,"11_1034",16,0,NA,0,2018,0.781849371410442,0.257149949660156,1
"nelson",2,"2_1057",10,0,NA,0,2021,-0.971021507758856,0.160718718537597,1
"neufneuf",0,"0_1061",11,0,NA,0,2021,-1.36054836979648,0.176790590391357,1
"neufneuf",0,"0_1063",14,0,NA,0,2021,-1.36054836979648,0.225006205952636,1
"nevada",5,"5_1064",22,0,NA,0,2014,-0.386731214702424,0.353581180782714,1
"nevada",6,"6_1065",17,0,NA,0,2015,-0.191967783683613,0.273221821513915,1
"nico",9,"9_1097",10,0,NA,0,2013,0.39232250937282,0.160718718537597,1
"nitika",7,"7_1105",52,0,NA,0,2020,0.00279564733519832,0.835737336395506,1
"oded",3,"3_1109",14,0,NA,0,2020,-0.776258076740045,0.225006205952636,1
"oded",3,"3_1110",14,0,NA,0,2020,-0.776258076740045,0.225006205952636,1
"page",2,"2_1112",18,0,NA,0,2021,-0.971021507758856,0.289293693367675,1
"page",2,"2_1113",21,0,NA,0,2021,-0.971021507758856,0.337509308928954,1
"pamela",5,"5_1116",33,0,NA,0,2012,-0.386731214702424,0.530371771174071,1
"pamela",6,"6_1122",21,0,NA,0,2013,-0.191967783683613,0.337509308928954,1
"pamela",7,"7_1125",13,0,NA,0,2014,0.00279564733519832,0.208934334098876,1
"pamela",8,"8_1132",10,0,NA,0,2015,0.197559078354009,0.160718718537597,1
"pecol",8,"8_1139",13,0,NA,0,2014,0.197559078354009,0.208934334098876,1
"persephone",2,"2_1140",37,0,NA,0,2016,-0.971021507758856,0.59465925858911,1
"pinter",0,"0_1153",17,0,NA,0,2020,-1.36054836979648,0.273221821513915,1
"pinter",0,"0_1156",11,0,NA,0,2020,-1.36054836979648,0.176790590391357,1
"pinter",1,"1_1157",10,0,NA,0,2021,-1.16578493877767,0.160718718537597,1
"pinter",1,"1_1158",22,0,NA,0,2021,-1.16578493877767,0.353581180782714,1
"plettenberg",21,"21_1159",12,0,NA,0,2021,2.72948368159855,0.192862462245117,0
"plettenberg",22,"22_1160",13,0,NA,0,2022,2.92424711261736,0.208934334098876,0
"rehovot",0,"0_1164",35,0,NA,0,2013,-1.36054836979648,0.56251551488159,1
"rehovot",1,"1_1168",15,0,NA,0,2014,-1.16578493877767,0.241078077806396,1
"rehovot",3,"3_1181",23,0,NA,0,2016,-0.776258076740045,0.369653052636474,1
"rehovot",4,"4_1187",15,0,NA,0,2017,-0.581494645721234,0.241078077806396,1
"rehovot",4,"4_1192",12,0,NA,0,2017,-0.581494645721234,0.192862462245117,1
"rehovot",5,"5_1203",23,0,NA,0,2018,-0.386731214702424,0.369653052636474,1
"rehovot",7,"7_1247",13,0,NA,0,2020,0.00279564733519832,0.208934334098876,1
"sabath",7,"7_1270",16,0,NA,0,2019,0.00279564733519832,0.257149949660156,1
"sabath",8,"8_1277",20,0,NA,0,2020,0.197559078354009,0.321437437075194,1
"sabath",9,"9_1277",12,0,NA,0,2021,0.39232250937282,0.192862462245117,1
"sabath",9,"9_1299",13,0,NA,0,2021,0.39232250937282,0.208934334098876,1
"sabath",10,"10_1333",12,0,NA,0,2022,0.587085940391631,0.192862462245117,1
"scout",4,"4_1334",55,0,NA,0,2010,-0.581494645721234,0.883952951956785,1
"scout",5,"5_1334",31,0,NA,0,2011,-0.386731214702424,0.498228027466551,1
"shanon",2,"2_1357",21,0,NA,0,2021,-0.971021507758856,0.337509308928954,1
"shanon",3,"3_1357",17,0,NA,0,2022,-0.776258076740045,0.273221821513915,1
"shiva",3,"3_1358",11,0,NA,0,2021,-0.776258076740045,0.176790590391357,1
"shiva",3,"3_1359",11,0,NA,0,2021,-0.776258076740045,0.176790590391357,1
"shiva",3,"3_1360",11,0,NA,0,2021,-0.776258076740045,0.176790590391357,1
"shkhara",7,"7_1363",17,0,NA,0,2009,0.00279564733519832,0.273221821513915,1
"shkhara",8,"8_1363",50,0,NA,0,2010,0.197559078354009,0.803593592687986,1
"simcha",6,"6_1365",15,0,NA,0,2021,-0.191967783683613,0.241078077806396,1
"simcha",6,"6_1366",12,0,NA,0,2021,-0.191967783683613,0.192862462245117,1
"skala",0,"0_1369",25,0,NA,0,2021,-1.36054836979648,0.401796796343993,1
"skala",0,"0_1370",10,0,NA,0,2021,-1.36054836979648,0.160718718537597,1
"skolio",0,"0_1372",15,0,NA,0,2021,-1.36054836979648,0.241078077806396,1
"taranaki",4,"4_1377",14,0,NA,0,2010,-0.581494645721234,0.225006205952636,1
"taranaki",4,"4_1378",60,0,NA,0,2010,-0.581494645721234,0.964312311225583,1
"taranaki",5,"5_1379",21,0,NA,0,2011,-0.386731214702424,0.337509308928954,1
"taranaki",5,"5_1380",26,0,NA,0,2011,-0.386731214702424,0.417868668197753,1
"taranaki",6,"6_1380",18,0,NA,0,2012,-0.191967783683613,0.289293693367675,1
"taranaki",6,"6_1388",14,0,NA,0,2012,-0.191967783683613,0.225006205952636,1
"taranaki",6,"6_1389",25,0,NA,0,2012,-0.191967783683613,0.401796796343993,1
"taranaki",7,"7_1389",13,0,NA,0,2013,0.00279564733519832,0.208934334098876,1
"taranaki",7,"7_1397",15,0,NA,0,2013,0.00279564733519832,0.241078077806396,1
"taranaki",9,"9_1399",39,0,NA,0,2015,0.39232250937282,0.626803002296629,1
"tay",1,"1_1401",18,0,NA,0,2020,-1.16578493877767,0.289293693367675,1
"tay",2,"2_1404",14,0,NA,0,2021,-0.971021507758856,0.225006205952636,1
"tennessee",6,"6_1405",21,0,NA,0,2012,-0.191967783683613,0.337509308928954,1
"tennessee",7,"7_1406",16,0,NA,0,2013,0.00279564733519832,0.257149949660156,1
"tennessee",7,"7_1407",18,0,NA,0,2013,0.00279564733519832,0.289293693367675,1
"tennessee",8,"8_1408",20,0,NA,0,2014,0.197559078354009,0.321437437075194,1
"tess",6,"6_1416",11,0,NA,0,2021,-0.191967783683613,0.176790590391357,1
"thronos",0,"0_1418",14,0,NA,0,2021,-1.36054836979648,0.225006205952636,1
"thronos",1,"1_1419",30,0,NA,0,2022,-1.16578493877767,0.482156155612792,1
"toledo",2,"2_1421",24,0,NA,0,2018,-0.971021507758856,0.385724924490233,1
"whosit",4,"4_1427",14,0,NA,0,2017,-0.581494645721234,0.225006205952636,1
"whosit",4,"4_1428",10,0,NA,0,2017,-0.581494645721234,0.160718718537597,1
"whosit",7,"7_1440",12,0,NA,0,2020,0.00279564733519832,0.192862462245117,1
"whosit",8,"8_1446",10,0,NA,0,2021,0.197559078354009,0.160718718537597,1
"whosit",8,"8_1452",12,0,NA,0,2021,0.197559078354009,0.192862462245117,1
"yariv",5,"5_1457",24,0,NA,0,2009,-0.386731214702424,0.385724924490233,1
"yariv",5,"5_1461",21,0,NA,0,2009,-0.386731214702424,0.337509308928954,1
"yariv",5,"5_1462",15,0,NA,0,2009,-0.386731214702424,0.241078077806396,1
"yariv",5,"5_1464",19,0,NA,0,2009,-0.386731214702424,0.305365565221435,1
"yariv",6,"6_1466",12,0,NA,0,2010,-0.191967783683613,0.192862462245117,1
"yonat",12,"12_1478",12,0,NA,0,2020,0.976612802429253,0.192862462245117,1
"yoyo",1,"1_1494",13,0,NA,0,2020,-1.16578493877767,0.208934334098876,1
"yoyo",1,"1_1495",27,0,NA,0,2020,-1.16578493877767,0.433940540051513,1
"yoyo",2,"2_1496",29,0,NA,0,2021,-0.971021507758856,0.466084283759032,1
"yoyo",2,"2_1497",10,0,NA,0,2021,-0.971021507758856,0.160718718537597,1
"yungala",1,"1_1504",12,0,NA,0,2014,-1.16578493877767,0.192862462245117,1
"yungala",2,"2_1505",18,0,NA,0,2015,-0.971021507758856,0.289293693367675,1
"yungala",2,"2_1506",10,0,NA,0,2015,-0.971021507758856,0.160718718537597,1
"yungala",3,"3_1514",12,0,NA,0,2016,-0.776258076740045,0.192862462245117,1
"yungala",4,"4_1527",14,0,NA,0,2017,-0.581494645721234,0.225006205952636,1
"yungala",9,"9_1598",10,0,NA,0,2022,0.39232250937282,0.160718718537597,1
"yungfrau",8,"8_1599",17,0,NA,0,2008,0.197559078354009,0.273221821513915,1
"yungfrau",9,"9_1600",40,0,NA,0,2009,0.39232250937282,0.642874874150389,1
"yungfrau",12,"12_1616",12,0,NA,0,2012,0.976612802429253,0.192862462245117,1
"yungfrau",12,"12_1617",20,0,NA,0,2012,0.976612802429253,0.321437437075194,1
