"ID","age","real_age","year","season","n","n_nights_network","degree","norm_degree","strength","avg_strength","longevity_5x","longevity_2y","longevity_10x"
"abel",4,1,2020,"Transient",90,91,59,0.662921348314607,11.1894885318101,0.189652347996781,NA,NA,NA
"abel",5,1,2021,"Breeding",76,151,51,0.68,5.8973198677135,0.115633722896343,NA,NA,NA
"abel",5,1,2021,"Transient",133,85,99,0.75,21.4403709357484,0.216569403391398,NA,NA,NA
"abel",5,1,2021,"Post-breeding",98,123,58,0.597938144329897,10.264390584849,0.176972251462914,NA,NA,NA
"abel",6,1,2022,"Breeding",104,150,71,0.689320388349515,10.5732315171194,0.148918753762245,NA,NA,NA
"abel",6,1,2022,"Post-breeding",101,121,76,0.76,16.0260483551763,0.210869057304951,NA,NA,NA
"addo",1,1,2020,"Transient",90,81,54,0.606741573033708,12.1721930473475,0.225410982358287,2,2,2
"addo",2,1,2021,"Breeding",76,81,38,0.506666666666667,5.68567536391763,0.149623035892569,2,2,2
"alex",4,1,2021,"Transient",133,36,64,0.484848484848485,14.4959654027864,0.226499459418537,5,5,5
"alex",5,1,2022,"Breeding",104,117,70,0.679611650485437,7.87962574382248,0.112566082054607,5,5,5
"alex",5,1,2022,"Post-breeding",101,122,76,0.76,15.4107335630973,0.202772810040754,5,5,5
"aliwal",0,1,2020,"Transient",90,31,50,0.561797752808989,5.63383511474724,0.112676702294945,NA,NA,NA
"aliwal",1,1,2021,"Transient",133,78,98,0.742424242424242,17.4826689474498,0.178394581096427,NA,NA,NA
"aliwal",1,1,2021,"Post-breeding",98,123,59,0.608247422680412,12.0944052341216,0.2049899192224,NA,NA,NA
"aliwal",2,1,2022,"Breeding",104,143,71,0.689320388349515,9.59664665737758,0.135164037427853,NA,NA,NA
"aliwal",2,1,2022,"Post-breeding",101,122,76,0.76,14.42363785633,0.18978470863592,NA,NA,NA
"alyeska",0,1,2020,"Transient",90,53,54,0.606741573033708,9.61402773280634,0.178037550607525,1,1,1
"anderson",22,0,2020,"Transient",90,91,52,0.584269662921348,6.51579217046044,0.125303695585778,NA,NA,NA
"anderson",23,0,2021,"Breeding",76,151,45,0.6,2.87481604327152,0.0638848009615893,NA,NA,NA
"anderson",23,0,2021,"Transient",133,91,82,0.621212121212121,17.1870680911627,0.209598391355642,NA,NA,NA
"anderson",23,0,2021,"Post-breeding",98,123,58,0.597938144329897,8.50929744405113,0.146712024897433,NA,NA,NA
"anderson",24,0,2022,"Breeding",104,151,69,0.669902912621359,12.6939269307013,0.183969955517411,NA,NA,NA
"anderson",24,0,2022,"Post-breeding",101,121,75,0.75,8.84223589917215,0.117896478655629,NA,NA,NA
"antonios",0,1,2021,"Transient",133,32,77,0.583333333333333,13.9542923531966,0.18122457601554,0,0,0
"armstrong",4,1,2017,"Transient",33,47,17,0.53125,2.21298678365457,0.130175693156151,NA,NA,NA
"armstrong",5,1,2018,"Breeding",48,36,13,0.276595744680851,1.27141053391053,0.0978008103008103,NA,NA,NA
"armstrong",5,1,2018,"Transient",38,72,17,0.459459459459459,2.86293613249496,0.168408007793821,NA,NA,NA
"armstrong",5,1,2018,"Post-breeding",41,72,17,0.425,2.19017801452485,0.128834000854403,NA,NA,NA
"armstrong",6,1,2019,"Transient",47,70,22,0.478260869565217,3.27798112702646,0.148999142137566,NA,NA,NA
"armstrong",6,1,2019,"Post-breeding",43,58,21,0.5,2.08573193218076,0.0993205681990836,NA,NA,NA
"armstrong",7,1,2020,"Breeding",58,47,21,0.368421052631579,2.87432696268229,0.136872712508681,NA,NA,NA
"armstrong",7,1,2020,"Transient",90,89,60,0.674157303370786,7.23548703710843,0.120591450618474,NA,NA,NA
"armstrong",7,1,2020,"Post-breeding",77,120,37,0.486842105263158,5.30072948827206,0.143262959142488,NA,NA,NA
"armstrong",8,1,2021,"Breeding",76,149,47,0.626666666666667,2.95426686915817,0.0628567418969823,NA,NA,NA
"armstrong",8,1,2021,"Transient",133,72,82,0.621212121212121,7.67475157988402,0.0935945314620003,NA,NA,NA
"armstrong",8,1,2021,"Post-breeding",98,123,58,0.597938144329897,8.20825162639919,0.141521579765503,NA,NA,NA
"armstrong",9,1,2022,"Breeding",104,138,69,0.669902912621359,7.05581064497281,0.102258125289461,NA,NA,NA
"armstrong",9,1,2022,"Post-breeding",101,121,76,0.76,12.4391956189401,0.163673626565001,NA,NA,NA
"arthur",2,1,2022,"Post-breeding",101,122,76,0.76,17.5071213092892,0.230356859332752,NA,NA,NA
"assegais",1,1,2021,"Transient",133,54,93,0.704545454545455,16.5477033101697,0.177932293657738,NA,NA,NA
"augrabie",10,1,2021,"Transient",133,91,97,0.734848484848485,21.0124138380028,0.216622823072194,NA,NA,NA
"boker",5,1,2021,"Transient",133,77,86,0.651515151515151,17.8265789230637,0.207285801430973,NA,NA,NA
"boker",6,1,2022,"Breeding",104,151,67,0.650485436893204,6.85733561174888,0.10234829271267,NA,NA,NA
"boker",6,1,2022,"Post-breeding",101,122,76,0.76,13.2654126261417,0.174544902975548,NA,NA,NA
"caine",4,1,2020,"Transient",90,84,57,0.640449438202247,10.1922576213219,0.178811537216173,NA,NA,NA
"caine",5,1,2021,"Breeding",76,149,49,0.653333333333333,6.73536785972997,0.137456486933265,NA,NA,NA
"caine",5,1,2021,"Transient",133,82,97,0.734848484848485,23.8210652825728,0.245577992603844,NA,NA,NA
"caine",5,1,2021,"Post-breeding",98,123,59,0.608247422680412,12.6892685243921,0.215072347871052,NA,NA,NA
"caine",6,1,2022,"Breeding",104,151,69,0.669902912621359,9.56765288744036,0.13866163604986,NA,NA,NA
"caine",6,1,2022,"Post-breeding",101,122,76,0.76,11.9196803265937,0.156837899034128,NA,NA,NA
"cale",2,1,2020,"Transient",90,50,55,0.617977528089888,11.2532362821008,0.204604296038197,NA,NA,NA
"cale",3,1,2021,"Transient",133,63,95,0.71969696969697,17.7093157892938,0.186413850413619,NA,NA,NA
"cale",3,1,2021,"Post-breeding",98,123,53,0.54639175257732,10.1992592144011,0.192438853101908,NA,NA,NA
"cale",4,1,2022,"Post-breeding",101,117,76,0.76,13.7619989028368,0.181078932932063,NA,NA,NA
"cantata",6,1,2021,"Transient",133,74,89,0.674242424242424,17.0356243378711,0.191411509414282,NA,NA,NA
"cantata",7,1,2022,"Breeding",104,150,72,0.699029126213592,8.070113293264,0.112084906850889,NA,NA,NA
"cantata",7,1,2022,"Post-breeding",101,121,76,0.76,10.69970792242,0.140785630558158,NA,NA,NA
"chegovar",2,1,2020,"Transient",90,87,41,0.460674157303371,6.75557878422517,0.164770214249395,NA,NA,NA
"chegovar",2,1,2020,"Post-breeding",77,120,24,0.315789473684211,2.53739501427842,0.105724792261601,NA,NA,NA
"chegovar",3,1,2021,"Breeding",76,151,51,0.68,6.18991291187364,0.121370841409287,NA,NA,NA
"chegovar",3,1,2021,"Transient",133,47,91,0.689393939393939,12.335425335882,0.135554124570132,NA,NA,NA
"chegovar",3,1,2021,"Post-breeding",98,123,55,0.56701030927835,9.7043590444973,0.176442891718133,NA,NA,NA
"chegovar",4,1,2022,"Breeding",104,98,68,0.660194174757282,13.384692790293,0.196833717504309,NA,NA,NA
"chegovar",4,1,2022,"Post-breeding",101,106,76,0.76,14.7647790513909,0.194273408570933,NA,NA,NA
"circus",2,1,2021,"Breeding",76,79,23,0.306666666666667,3.12047534680536,0.13567284116545,NA,NA,NA
"circus",2,1,2021,"Transient",133,79,84,0.636363636363636,7.698197946537,0.09164521364925,NA,NA,NA
"circus",2,1,2021,"Post-breeding",98,118,58,0.597938144329897,7.54413458819477,0.130071286003358,NA,NA,NA
"circus",3,1,2022,"Breeding",104,112,65,0.631067961165049,8.36880833862149,0.128750897517254,NA,NA,NA
"circus",3,1,2022,"Post-breeding",101,84,76,0.76,13.7847010181398,0.181377644975524,NA,NA,NA
"colombus",12,1,2019,"Transient",47,91,19,0.41304347826087,2.40183947316833,0.126412603850965,14,14,NA
"colombus",12,1,2019,"Post-breeding",43,32,18,0.428571428571429,2.44904921660344,0.136058289811302,14,14,NA
"colombus",13,1,2020,"Breeding",58,53,14,0.245614035087719,2.72487712164441,0.194634080117458,14,14,NA
"cordellia",12,1,2017,"Transient",33,89,16,0.5,3.128751553838,0.195546972114875,16,16,16
"cordellia",13,1,2018,"Breeding",48,148,18,0.382978723404255,2.07947377406801,0.115526320781556,16,16,16
"cordellia",13,1,2018,"Transient",38,91,21,0.567567567567568,2.52630267214125,0.120300127244821,16,16,16
"cordellia",13,1,2018,"Post-breeding",41,122,22,0.55,2.16624770823538,0.0984658049197901,16,16,16
"cordellia",14,1,2019,"Breeding",40,120,17,0.435897435897436,1.43140761390841,0.0842004478769651,16,16,16
"cordellia",14,1,2019,"Transient",47,86,23,0.5,2.31143638288857,0.100497234038633,16,16,16
"cordellia",14,1,2019,"Post-breeding",43,120,27,0.642857142857143,2.48504698763299,0.0920387773197402,16,16,16
"cordellia",15,1,2020,"Breeding",58,149,31,0.543859649122807,2.99314420939522,0.0965530390127491,16,16,16
"cordellia",15,1,2020,"Post-breeding",77,123,39,0.513157894736842,4.62551807465242,0.11860302755519,16,16,16
"cork",12,1,2020,"Transient",90,85,58,0.651685393258427,11.6263091636741,0.200453606270244,NA,NA,NA
"dani",2,1,2019,"Post-breeding",43,91,29,0.69047619047619,7.26807007541241,0.250623106048704,5,NA,NA
"dani",3,1,2020,"Transient",90,45,46,0.51685393258427,13.9504197093863,0.303269993682312,5,NA,NA
"dani",3,1,2020,"Post-breeding",77,103,21,0.276315789473684,15.7935682922351,0.752074680582625,5,NA,NA
"dani",4,1,2021,"Breeding",76,43,20,0.266666666666667,7.59682185599656,0.379841092799828,5,NA,NA
"dingle",1,1,2019,"Transient",47,46,22,0.478260869565217,4.87412746288913,0.221551248313142,NA,NA,NA
"dingle",2,1,2020,"Transient",90,34,52,0.584269662921348,5.65789260763349,0.108805627069875,NA,NA,NA
"dingle",2,1,2020,"Post-breeding",77,121,37,0.486842105263158,5.37728648715271,0.145332067220343,NA,NA,NA
"dingle",3,1,2021,"Breeding",76,55,44,0.586666666666667,4.65071378756988,0.105698040626588,NA,NA,NA
"dingle",3,1,2021,"Transient",133,49,97,0.734848484848485,21.2441701092475,0.219012062981933,NA,NA,NA
"dingle",3,1,2021,"Post-breeding",98,121,58,0.597938144329897,12.1111020976536,0.208812105131958,NA,NA,NA
"dingle",4,1,2022,"Breeding",104,99,66,0.640776699029126,10.9642878987567,0.166125574223587,NA,NA,NA
"dingle",4,1,2022,"Post-breeding",101,122,76,0.76,12.5494406180867,0.165124218659035,NA,NA,NA
"doolin",2,1,2021,"Post-breeding",98,60,52,0.536082474226804,9.06540750202379,0.174334759654304,3,3,3
"doolin",3,1,2022,"Breeding",104,64,65,0.631067961165049,13.8546916923606,0.213149102959393,3,3,3
"doolin",3,1,2022,"Post-breeding",101,122,76,0.76,16.4232838205076,0.216095839743521,3,3,3
"dor",14,1,2017,"Transient",33,74,18,0.5625,3.41734981360067,0.18985276742226,NA,NA,NA
"dor",14,1,2017,"Post-breeding",30,120,14,0.482758620689655,0.88337551628264,0.0630982511630457,NA,NA,NA
"dor",15,1,2018,"Transient",38,69,17,0.459459459459459,3.04786328820073,0.179286075776514,NA,NA,NA
"dor",16,1,2019,"Breeding",40,142,18,0.461538461538462,1.07448404254862,0.0596935579193677,NA,NA,NA
"dor",16,1,2019,"Transient",47,87,24,0.521739130434783,3.42745259537929,0.142810524807471,NA,NA,NA
"dor",16,1,2019,"Post-breeding",43,121,24,0.571428571428571,1.6250190619442,0.0677091275810082,NA,NA,NA
"dor",17,1,2020,"Breeding",58,126,28,0.491228070175439,2.27633938089688,0.0812978350320314,NA,NA,NA
"dor",17,1,2020,"Transient",90,71,47,0.528089887640449,3.39599465500554,0.0722552054256497,NA,NA,NA
"dor",17,1,2020,"Post-breeding",77,112,29,0.381578947368421,5.433319160671,0.187355833126586,NA,NA,NA
"dor",18,1,2021,"Breeding",76,114,46,0.613333333333333,3.92008041493699,0.085219139455152,NA,NA,NA
"dor",18,1,2021,"Transient",133,52,93,0.704545454545455,16.5364071392917,0.17781082945475,NA,NA,NA
"dor",18,1,2021,"Post-breeding",98,83,54,0.556701030927835,9.74007067537774,0.180371679173662,NA,NA,NA
"dor",19,1,2022,"Breeding",104,110,67,0.650485436893204,5.09927791695666,0.0761086256262189,NA,NA,NA
"dor",19,1,2022,"Post-breeding",101,86,75,0.75,13.5595865349447,0.180794487132596,NA,NA,NA
"echo",0,1,2021,"Transient",133,66,82,0.621212121212121,10.0587795366917,0.122668043130386,NA,NA,NA
"echo",1,1,2022,"Breeding",104,151,73,0.70873786407767,13.3297500377388,0.182599315585463,NA,NA,NA
"echo",1,1,2022,"Post-breeding",101,122,76,0.76,13.8950537153911,0.182829654149883,NA,NA,NA
"edward",0,1,2021,"Transient",133,44,74,0.560606060606061,5.9650292337653,0.0806085031589905,1,1,1
"edward",1,1,2022,"Post-breeding",101,99,76,0.76,14.5378567282219,0.191287588529235,1,1,1
"elgin",19,0,2021,"Transient",133,69,71,0.537878787878788,13.9956727592764,0.197122151539104,NA,NA,NA
"elgin",20,0,2022,"Breeding",104,151,69,0.669902912621359,11.9794131536941,0.17361468338687,NA,NA,NA
"elgin",20,0,2022,"Post-breeding",101,122,76,0.76,10.3126736313234,0.13569307409636,NA,NA,NA
"epsilon",0,1,2021,"Transient",133,35,66,0.5,6.34981218083936,0.0962092754672631,NA,NA,NA
"epsilon",1,1,2022,"Post-breeding",101,106,76,0.76,15.235574429584,0.20046808459979,NA,NA,NA
"erasmus",0,1,2021,"Transient",133,74,79,0.598484848484849,10.8924713453938,0.137879384118909,NA,NA,NA
"erasmus",1,1,2022,"Breeding",104,151,73,0.70873786407767,13.6335661228028,0.186761179764422,NA,NA,NA
"erasmus",1,1,2022,"Post-breeding",101,122,76,0.76,15.0758620823117,0.198366606346206,NA,NA,NA
"estavan",6,1,2021,"Transient",133,62,76,0.575757575757576,17.7455327370054,0.233493851802703,NA,NA,NA
"estavan",7,1,2022,"Breeding",104,151,71,0.689320388349515,11.5628620020466,0.162857211296431,NA,NA,NA
"estavan",7,1,2022,"Post-breeding",101,122,76,0.76,13.6054655541433,0.179019283607149,NA,NA,NA
"etna",10,1,2017,"Post-breeding",30,81,13,0.448275862068966,1.71854631267297,0.132195870205613,11,11,11
"etretat",15,1,2021,"Transient",133,63,83,0.628787878787879,16.2919065213673,0.19628803037792,NA,NA,NA
"etretat",16,1,2022,"Breeding",104,126,69,0.669902912621359,7.73451628431681,0.112094438903142,NA,NA,NA
"etretat",16,1,2022,"Post-breeding",101,122,76,0.76,9.27576460037423,0.12204953421545,NA,NA,NA
"evermore",18,0,2022,"Breeding",104,151,69,0.669902912621359,5.64645537924266,0.0818326866556907,NA,NA,NA
"evermore",18,0,2022,"Post-breeding",101,115,76,0.76,11.2346552170021,0.147824410750028,NA,NA,NA
"faculta",20,0,2021,"Transient",133,76,77,0.583333333333333,9.43194100641347,0.122492740343032,NA,NA,NA
"faculta",21,0,2022,"Breeding",104,140,69,0.669902912621359,10.5277776535903,0.152576487733192,NA,NA,NA
"faculta",21,0,2022,"Post-breeding",101,122,76,0.76,11.8380728875419,0.15576411694134,NA,NA,NA
"fiver",19,0,2021,"Transient",133,91,88,0.666666666666667,16.3474560235843,0.185766545722548,NA,NA,NA
"fiver",20,0,2022,"Breeding",104,151,69,0.669902912621359,9.58160180353021,0.138863794254061,NA,NA,NA
"fiver",20,0,2022,"Post-breeding",101,122,70,0.7,4.265044765262,0.0609292109323142,NA,NA,NA
"galway",1,1,2020,"Transient",90,85,59,0.662921348314607,10.2709064372879,0.174083159954033,NA,NA,NA
"galway",2,1,2021,"Breeding",76,151,50,0.666666666666667,6.95845603294738,0.139169120658948,NA,NA,NA
"galway",2,1,2021,"Transient",133,91,99,0.75,16.6458530519185,0.168139929817358,NA,NA,NA
"galway",2,1,2021,"Post-breeding",98,123,57,0.587628865979381,10.997667927804,0.192941542593052,NA,NA,NA
"galway",3,1,2022,"Breeding",104,151,72,0.699029126213592,11.9230566704007,0.165598009311121,NA,NA,NA
"galway",3,1,2022,"Post-breeding",101,122,76,0.76,13.086413151761,0.172189646733697,NA,NA,NA
"gamad",2,1,2021,"Transient",133,73,90,0.681818181818182,11.5967702117494,0.128853002352771,NA,NA,NA
"gamad",3,1,2022,"Breeding",104,149,72,0.699029126213592,13.0061287399223,0.180640676943366,NA,NA,NA
"gamad",3,1,2022,"Post-breeding",101,122,76,0.76,17.2297620289281,0.226707395117474,NA,NA,NA
"geenie",0,1,2020,"Transient",90,56,60,0.674157303370786,10.4629820174789,0.174383033624649,2,2,2
"geenie",1,1,2021,"Post-breeding",98,103,59,0.608247422680412,12.8701205879022,0.218137637083089,2,2,2
"geenie",2,1,2022,"Post-breeding",101,121,76,0.76,15.349286921728,0.201964301601685,2,2,2
"gili",9,1,2018,"Transient",38,63,16,0.432432432432432,2.35711274740889,0.147319546713055,NA,NA,NA
"gili",10,1,2019,"Breeding",40,146,17,0.435897435897436,1.92113220712667,0.113007776889804,NA,NA,NA
"gili",10,1,2019,"Transient",47,90,22,0.478260869565217,2.59140081564468,0.117790946165667,NA,NA,NA
"gili",10,1,2019,"Post-breeding",43,122,25,0.595238095238095,2.26554271256445,0.090621708502578,NA,NA,NA
"gili",11,1,2020,"Breeding",58,150,23,0.403508771929825,1.61936456243193,0.0704071548883448,NA,NA,NA
"gili",11,1,2020,"Transient",90,81,47,0.528089887640449,4.42759976131042,0.0942042502406472,NA,NA,NA
"gili",11,1,2020,"Post-breeding",77,123,27,0.355263157894737,3.20947054166341,0.118869279320867,NA,NA,NA
"gili",12,1,2021,"Breeding",76,134,49,0.653333333333333,3.58684272645274,0.0732008719684234,NA,NA,NA
"gili",12,1,2021,"Transient",133,81,84,0.636363636363636,7.73238863509818,0.0920522456559308,NA,NA,NA
"gili",12,1,2021,"Post-breeding",98,122,53,0.54639175257732,6.93327754384769,0.130816557431088,NA,NA,NA
"gili",13,1,2022,"Breeding",104,130,70,0.679611650485437,10.6750214960482,0.152500307086402,NA,NA,NA
"gili",13,1,2022,"Post-breeding",101,112,76,0.76,9.56514230184902,0.125857135550645,NA,NA,NA
"gobi",11,1,2017,"Transient",33,84,9,0.28125,0.492344602204419,0.054704955800491,NA,NA,NA
"gobi",12,1,2018,"Breeding",48,151,15,0.319148936170213,0.873088254171505,0.0582058836114337,NA,NA,NA
"gobi",12,1,2018,"Transient",38,89,16,0.432432432432432,1.88226041372966,0.117641275858104,NA,NA,NA
"gobi",12,1,2018,"Post-breeding",41,123,15,0.375,0.738069432675125,0.0492046288450084,NA,NA,NA
"gobi",13,1,2019,"Breeding",40,149,17,0.435897435897436,1.09928229556404,0.0646636644449434,NA,NA,NA
"gobi",13,1,2019,"Transient",47,91,21,0.456521739130435,3.36687207432366,0.16032724163446,NA,NA,NA
"gobi",13,1,2019,"Post-breeding",43,122,24,0.571428571428571,3.07745764344022,0.128227401810009,NA,NA,NA
"gobi",14,1,2020,"Breeding",58,150,22,0.385964912280702,1.40450668421959,0.0638412129190725,NA,NA,NA
"gobi",14,1,2020,"Transient",90,89,52,0.584269662921348,4.94816931640726,0.0951571022386011,NA,NA,NA
"gobi",14,1,2020,"Post-breeding",77,118,34,0.447368421052632,3.7300492737251,0.10970733158015,NA,NA,NA
"gobi",15,1,2021,"Breeding",76,150,45,0.6,1.85889314151331,0.0413087364780735,NA,NA,NA
"gobi",15,1,2021,"Transient",133,84,78,0.590909090909091,7.93723599664653,0.101759435854443,NA,NA,NA
"gobi",15,1,2021,"Post-breeding",98,123,54,0.556701030927835,5.66740083876823,0.104951867384597,NA,NA,NA
"gobi",16,1,2022,"Breeding",104,149,66,0.640776699029126,5.47056135360364,0.0828872932364189,NA,NA,NA
"gobi",16,1,2022,"Post-breeding",101,122,76,0.76,8.46985518276445,0.111445462931111,NA,NA,NA
"halifax",1,1,2020,"Transient",90,33,17,0.191011235955056,3.50483960483961,0.2061670355788,NA,NA,NA
"halifax",2,1,2021,"Breeding",76,150,44,0.586666666666667,5.02230784303561,0.114143360068991,NA,NA,NA
"halifax",2,1,2021,"Transient",133,92,92,0.696969696969697,12.8673474908354,0.139862472726472,NA,NA,NA
"halifax",2,1,2021,"Post-breeding",98,121,54,0.556701030927835,9.57914268483919,0.177391531200726,NA,NA,NA
"halifax",3,1,2022,"Breeding",104,147,64,0.621359223300971,8.28563145350118,0.129462991460956,NA,NA,NA
"halifax",3,1,2022,"Post-breeding",101,120,76,0.76,10.3891656012543,0.136699547384925,NA,NA,NA
"hasan",2,1,2018,"Breeding",48,61,15,0.319148936170213,4.42217607887626,0.294811738591751,NA,NA,NA
"hasan",2,1,2018,"Transient",38,90,19,0.513513513513513,3.98461011042278,0.209716321601199,NA,NA,NA
"hasan",2,1,2018,"Post-breeding",41,123,27,0.675,6.37213491149952,0.236004996722204,NA,NA,NA
"hasan",3,1,2019,"Breeding",40,151,24,0.615384615384615,3.07078660134673,0.12794944172278,NA,NA,NA
"hasan",3,1,2019,"Transient",47,91,33,0.717391304347826,4.24964616824942,0.128777156613619,NA,NA,NA
"hasan",3,1,2019,"Post-breeding",43,120,35,0.833333333333333,2.74105582693874,0.0783158807696784,NA,NA,NA
"hasan",4,1,2020,"Breeding",58,152,24,0.421052631578947,2.21460673603548,0.0922752806681452,NA,NA,NA
"hasan",4,1,2020,"Transient",90,89,75,0.842696629213483,7.02687625561768,0.0936916834082357,NA,NA,NA
"hasan",4,1,2020,"Post-breeding",77,118,31,0.407894736842105,3.1471920805831,0.1015223251801,NA,NA,NA
"hasan",5,1,2021,"Breeding",76,150,46,0.613333333333333,3.6501215403228,0.0793504682678869,NA,NA,NA
"hasan",5,1,2021,"Transient",133,81,109,0.825757575757576,11.1951876317159,0.102708143410238,NA,NA,NA
"hasan",5,1,2021,"Post-breeding",98,123,51,0.525773195876289,7.36810226830035,0.144472593496085,NA,NA,NA
"hasan",6,1,2022,"Breeding",104,150,64,0.621359223300971,6.82661898321956,0.106665921612806,NA,NA,NA
"hasan",6,1,2022,"Post-breeding",101,122,74,0.74,9.37047915576968,0.12662809669959,NA,NA,NA
"hatfield",0,1,2020,"Transient",90,37,54,0.606741573033708,8.91845804979106,0.165156630551686,NA,NA,NA
"hatfield",1,1,2021,"Transient",133,55,97,0.734848484848485,18.66513734528,0.192424096343093,NA,NA,NA
"hatfield",1,1,2021,"Post-breeding",98,122,55,0.56701030927835,11.0209012085294,0.200380021973263,NA,NA,NA
"hatfield",2,1,2022,"Post-breeding",101,122,76,0.76,11.3935535924443,0.149915178847951,NA,NA,NA
"hendrix",0,1,2020,"Transient",90,80,51,0.573033707865168,7.32283222483743,0.143584945585048,NA,NA,NA
"hendrix",1,1,2021,"Breeding",76,99,50,0.666666666666667,7.66011351667379,0.153202270333476,NA,NA,NA
"hendrix",1,1,2021,"Transient",133,64,90,0.681818181818182,11.488819889661,0.127653554329566,NA,NA,NA
"hendrix",1,1,2021,"Post-breeding",98,122,55,0.56701030927835,11.0458536606596,0.200833702921084,NA,NA,NA
"hendrix",2,1,2022,"Breeding",104,148,70,0.679611650485437,13.0287745643541,0.186125350919345,NA,NA,NA
"hendrix",2,1,2022,"Post-breeding",101,122,76,0.76,12.5560357998224,0.165210997366084,NA,NA,NA
"henson",1,1,2021,"Post-breeding",98,110,56,0.577319587628866,13.3826684689782,0.238976222660324,NA,NA,NA
"henson",2,1,2022,"Post-breeding",101,122,76,0.76,16.3014514428227,0.214492782142404,NA,NA,NA
"hippocrates",14,1,2021,"Transient",133,89,43,0.325757575757576,3.32428673438209,0.0773089938228394,NA,NA,NA
"hippocrates",15,1,2022,"Breeding",104,151,59,0.572815533980582,5.21870492098332,0.0884526257793783,NA,NA,NA
"hippocrates",15,1,2022,"Post-breeding",101,122,76,0.76,6.99646082957834,0.0920586951260307,NA,NA,NA
"hoeman",18,1,2021,"Transient",133,68,82,0.621212121212121,15.8051577506578,0.192745826227535,NA,NA,NA
"hoeman",19,1,2022,"Breeding",104,148,70,0.679611650485437,7.62484113875972,0.108926301982282,NA,NA,NA
"hoeman",19,1,2022,"Post-breeding",101,122,76,0.76,14.122249682903,0.18581907477504,NA,NA,NA
"ira",2,1,2020,"Breeding",58,118,16,0.280701754385965,3.34978362091088,0.20936147630693,NA,NA,NA
"ira",2,1,2020,"Transient",90,91,32,0.359550561797753,5.72359545948544,0.17886235810892,NA,NA,NA
"ira",2,1,2020,"Post-breeding",77,120,34,0.447368421052632,4.46597277145497,0.131352140336911,NA,NA,NA
"ira",3,1,2021,"Breeding",76,150,48,0.64,4.82045516724809,0.100426149317669,NA,NA,NA
"ira",3,1,2021,"Post-breeding",98,114,74,0.762886597938144,11.0016144848412,0.148670466011367,NA,NA,NA
"ira",4,1,2022,"Breeding",104,100,71,0.689320388349515,9.18994520726414,0.129435847989636,NA,NA,NA
"ira",4,1,2022,"Post-breeding",101,78,74,0.74,11.1610637638841,0.150825185998433,NA,NA,NA
"jacob",6,1,2017,"Post-breeding",30,97,14,0.482758620689655,1.13356997810513,0.0809692841503662,10,10,10
"jacob",7,1,2018,"Post-breeding",41,50,14,0.35,1.6154318285041,0.115387987750293,10,10,10
"jacob",8,1,2019,"Post-breeding",43,76,22,0.523809523809524,3.74601496625756,0.170273407557162,10,10,10
"jacob",9,1,2020,"Transient",90,91,54,0.606741573033708,6.77577387131788,0.125477293913294,10,10,10
"jacob",9,1,2020,"Post-breeding",77,48,36,0.473684210526316,5.2603140307782,0.146119834188283,10,10,10
"jacob",10,1,2021,"Breeding",76,150,46,0.613333333333333,3.66143482266924,0.0795964091884617,10,10,10
"jaya",20,0,2020,"Transient",90,87,53,0.595505617977528,6.18215129542313,0.116644364064587,NA,23,NA
"jaya",21,0,2021,"Breeding",76,93,41,0.546666666666667,3.29042591559833,0.0802542906243495,NA,23,NA
"Jill",2,1,2020,"Transient",90,47,58,0.651685393258427,12.437261437056,0.214435542018208,NA,NA,NA
"Jill",3,1,2021,"Breeding",76,35,38,0.506666666666667,5.98328085912845,0.157454759450749,NA,NA,NA
"Jill",3,1,2021,"Post-breeding",98,122,56,0.577319587628866,11.6681551252878,0.208359912951568,NA,NA,NA
"Jill",4,1,2022,"Breeding",104,92,68,0.660194174757282,13.6724701864089,0.201065738035425,NA,NA,NA
"Jill",4,1,2022,"Post-breeding",101,121,75,0.75,15.5756541474684,0.207675388632912,NA,NA,NA
"jog",3,1,2020,"Transient",90,82,55,0.617977528089888,11.1051260080197,0.201911381963994,NA,NA,NA
"jog",4,1,2021,"Breeding",76,151,52,0.693333333333333,8.17385303557111,0.157189481453291,NA,NA,NA
"jog",4,1,2021,"Transient",133,91,100,0.757575757575758,24.8944730798004,0.248944730798004,NA,NA,NA
"jog",4,1,2021,"Post-breeding",98,122,59,0.608247422680412,14.5788080718828,0.247098441896319,NA,NA,NA
"jog",5,1,2022,"Breeding",104,151,73,0.70873786407767,14.0673898346337,0.192703970337448,NA,NA,NA
"jog",5,1,2022,"Post-breeding",101,122,76,0.76,16.3665665769732,0.215349560223332,NA,NA,NA
"jojo",2,1,2021,"Transient",133,49,76,0.575757575757576,15.311021267511,0.201460806151461,NA,NA,NA
"jojo",3,1,2022,"Breeding",104,149,67,0.650485436893204,5.18300805220462,0.0773583291373824,NA,NA,NA
"jojo",3,1,2022,"Post-breeding",101,122,76,0.76,13.1196466611037,0.172626929751364,NA,NA,NA
"jts",5,1,2017,"Transient",33,54,14,0.4375,3.19411395588347,0.228150996848819,6,6,6
"jts",6,1,2018,"Breeding",48,127,15,0.319148936170213,2.70392410392024,0.180261606928016,6,6,6
"juno",2,1,2021,"Breeding",76,151,39,0.52,2.24163810673689,0.0574779001727407,NA,NA,NA
"juno",2,1,2021,"Transient",133,33,78,0.590909090909091,8.10242581907261,0.103877254090674,NA,NA,NA
"juno",2,1,2021,"Post-breeding",98,122,52,0.536082474226804,5.96660655244478,0.114742433700861,NA,NA,NA
"juno",3,1,2022,"Post-breeding",101,116,75,0.75,14.429125809884,0.192388344131787,NA,NA,NA
"kaolin",4,1,2017,"Transient",33,91,16,0.5,1.89151920099544,0.118219950062215,NA,NA,NA
"kaolin",4,1,2017,"Post-breeding",30,116,12,0.413793103448276,0.92947664787099,0.0774563873225825,NA,NA,NA
"kaolin",8,1,2021,"Transient",133,65,81,0.613636363636364,13.3244069230331,0.164498850901643,NA,NA,NA
"kaolin",9,1,2022,"Breeding",104,151,67,0.650485436893204,5.43374166517037,0.0811006218682145,NA,NA,NA
"kaolin",9,1,2022,"Post-breeding",101,122,76,0.76,8.40021733578296,0.110529175470828,NA,NA,NA
"kasama",20,1,2021,"Transient",133,39,71,0.537878787878788,7.6424729262751,0.107640463750353,20,20,20
"kat",6,1,2020,"Transient",90,89,59,0.662921348314607,8.19895956807937,0.138965416408125,NA,NA,NA
"kat",7,1,2021,"Breeding",76,139,48,0.64,3.9855324682596,0.083031926422075,NA,NA,NA
"kat",7,1,2021,"Transient",133,82,84,0.636363636363636,12.8270716607737,0.152703234056829,NA,NA,NA
"kat",7,1,2021,"Post-breeding",98,122,58,0.597938144329897,9.64771780588974,0.166339962170513,NA,NA,NA
"kat",8,1,2022,"Breeding",104,150,58,0.563106796116505,5.70511797758344,0.0983641030617834,NA,NA,NA
"kat",8,1,2022,"Post-breeding",101,122,76,0.76,12.7312130074629,0.167515960624512,NA,NA,NA
"kazania",0,1,2021,"Transient",133,83,94,0.712121212121212,13.489652652098,0.143506943107426,NA,NA,NA
"kazania",1,1,2022,"Breeding",104,149,73,0.70873786407767,11.8787578038586,0.162722709641899,NA,NA,NA
"kazania",1,1,2022,"Post-breeding",101,122,94,0.94,14.8029576070002,0.157478272414896,NA,NA,NA
"kedros",12,1,2021,"Transient",133,68,73,0.553030303030303,14.6870373319554,0.201192292218566,NA,NA,NA
"kedros",13,1,2022,"Breeding",104,139,70,0.679611650485437,12.5715755092742,0.179593935846775,NA,NA,NA
"kilkenny",5,1,2021,"Transient",133,65,82,0.621212121212121,15.6407436122055,0.190740775758604,6,6,6
"king",2,1,2019,"Transient",47,91,24,0.521739130434783,4.04682598280003,0.168617749283335,4,4,4
"king",3,1,2020,"Breeding",58,149,28,0.491228070175439,3.0923880654066,0.110442430907379,4,4,4
"king",3,1,2020,"Transient",90,83,64,0.719101123595506,9.63676822643935,0.150574503538115,4,4,4
"king",3,1,2020,"Post-breeding",77,121,43,0.565789473684211,7.87304370638666,0.183094039683411,4,4,4
"king",4,1,2021,"Breeding",76,147,49,0.653333333333333,5.39077609847411,0.11001583874437,4,4,4
"king",4,1,2021,"Transient",133,38,89,0.674242424242424,16.5777818536583,0.186267211838857,4,4,4
"king",4,1,2021,"Post-breeding",98,119,54,0.556701030927835,9.19488382736945,0.170275626432768,4,4,4
"klil",13,1,2017,"Transient",33,39,13,0.40625,1.5804347826087,0.121571906354515,NA,NA,NA
"klil",14,1,2018,"Breeding",48,149,16,0.340425531914894,1.19599393644416,0.07474962102776,NA,NA,NA
"klil",14,1,2018,"Transient",38,88,16,0.432432432432432,1.80884214327257,0.113052633954536,NA,NA,NA
"klil",14,1,2018,"Post-breeding",41,119,17,0.425,1.16753070709715,0.0686782768880679,NA,NA,NA
"klil",15,1,2019,"Breeding",40,150,18,0.461538461538462,1.11404735613323,0.0618915197851795,NA,NA,NA
"klil",15,1,2019,"Transient",47,90,22,0.478260869565217,2.70935232119013,0.123152378235915,NA,NA,NA
"klil",15,1,2019,"Post-breeding",43,119,21,0.5,1.42322098654088,0.067772427930518,NA,NA,NA
"klil",16,1,2020,"Breeding",58,132,24,0.421052631578947,2.82098570684323,0.117541071118468,NA,NA,NA
"klil",16,1,2020,"Transient",90,90,55,0.617977528089888,9.64134235044218,0.175297133644403,NA,NA,NA
"klil",16,1,2020,"Post-breeding",77,118,38,0.5,6.64200642463597,0.174789642753578,NA,NA,NA
"klil",17,1,2021,"Breeding",76,121,45,0.6,6.19175652852521,0.137594589522782,NA,NA,NA
"klil",17,1,2021,"Transient",133,70,97,0.734848484848485,18.3689508489102,0.189370627308353,NA,NA,NA
"klil",17,1,2021,"Post-breeding",98,123,56,0.577319587628866,11.4751853967113,0.204914024941274,NA,NA,NA
"klil",18,1,2022,"Breeding",104,97,68,0.660194174757282,10.0342200359341,0.147562059351972,NA,NA,NA
"klil",18,1,2022,"Post-breeding",101,122,74,0.74,11.8725671947996,0.160440097227022,NA,NA,NA
"kyllini",1,1,2022,"Post-breeding",101,122,76,0.76,17.8932438566712,0.235437419166727,NA,NA,NA
"la paz",2,1,2020,"Breeding",58,123,25,0.43859649122807,2.27013304434519,0.0908053217738078,NA,NA,NA
"la paz",2,1,2020,"Transient",90,74,65,0.730337078651685,10.1861868705339,0.156710567238983,NA,NA,NA
"la paz",2,1,2020,"Post-breeding",77,117,35,0.460526315789474,5.78462175082956,0.165274907166559,NA,NA,NA
"la paz",3,1,2021,"Breeding",76,149,49,0.653333333333333,6.01131094878512,0.122679815281329,NA,NA,NA
"la paz",3,1,2021,"Transient",133,62,97,0.734848484848485,18.0379361212776,0.185958104343068,NA,NA,NA
"la paz",3,1,2021,"Post-breeding",98,121,53,0.54639175257732,9.65430448208328,0.182156688341194,NA,NA,NA
"la paz",4,1,2022,"Breeding",104,99,72,0.699029126213592,13.1259916286857,0.182305439287302,NA,NA,NA
"la paz",4,1,2022,"Post-breeding",101,70,76,0.76,14.0176220741572,0.184442395712595,NA,NA,NA
"lenana",14,1,2020,"Transient",90,90,51,0.573033707865168,6.36606476393404,0.124824799292824,NA,NA,NA
"lenana",15,1,2021,"Breeding",76,133,47,0.626666666666667,3.5157565316396,0.0748033304604171,NA,NA,NA
"lenana",15,1,2021,"Post-breeding",98,81,51,0.525773195876289,4.78122749656918,0.0937495587562585,NA,NA,NA
"levy",15,1,2019,"Breeding",40,147,14,0.358974358974359,0.862518611492515,0.0616084722494654,NA,NA,NA
"levy",15,1,2019,"Transient",47,90,22,0.478260869565217,5.79389975325609,0.263359079693459,NA,NA,NA
"levy",15,1,2019,"Post-breeding",43,123,24,0.571428571428571,3.72840347880085,0.155350144950035,NA,NA,NA
"levy",16,1,2020,"Breeding",58,150,23,0.403508771929825,2.62433279032147,0.114101425666151,NA,NA,NA
"levy",16,1,2020,"Transient",90,88,51,0.573033707865168,9.29945487658765,0.182342252482111,NA,NA,NA
"levy",16,1,2020,"Post-breeding",77,121,38,0.5,7.01119910334936,0.184505239561825,NA,NA,NA
"levy",17,1,2021,"Breeding",76,140,45,0.6,6.05973018182412,0.134660670707203,NA,NA,NA
"levy",17,1,2021,"Post-breeding",98,102,54,0.556701030927835,7.42650008020814,0.137527779263114,NA,NA,NA
"levy",18,1,2022,"Breeding",104,53,62,0.601941747572815,10.6937095458591,0.172479186223534,NA,NA,NA
"levy",18,1,2022,"Post-breeding",101,69,74,0.74,12.092402628751,0.163410846334473,NA,NA,NA
"logan",21,0,2021,"Transient",133,72,83,0.628787878787879,17.3076621668761,0.208526050203327,NA,NA,NA
"logan",22,0,2022,"Breeding",104,150,71,0.689320388349515,10.3388990837853,0.145618296954723,NA,NA,NA
"logan",22,0,2022,"Post-breeding",101,122,75,0.75,13.769126610788,0.183588354810507,NA,NA,NA
"methy",10,1,2017,"Transient",33,89,16,0.5,3.08022079319871,0.192513799574919,12,12,12
"methy",10,1,2017,"Post-breeding",30,78,14,0.482758620689655,2.66188112733722,0.190134366238373,12,12,12
"methy",11,1,2018,"Breeding",48,138,17,0.361702127659574,1.59222254795504,0.0936601498797084,12,12,12
"methy",11,1,2018,"Transient",38,91,16,0.432432432432432,2.46700843937043,0.154188027460652,12,12,12
"methy",11,1,2018,"Post-breeding",41,115,16,0.4,2.29161024725337,0.143225640453336,12,12,12
"methy",12,1,2019,"Breeding",40,107,13,0.333333333333333,1.22646335785332,0.0943433352194859,12,12,12
"methy",12,1,2019,"Transient",47,54,19,0.41304347826087,1.91802971148143,0.100948932183233,12,12,12
"methy",12,1,2019,"Post-breeding",43,121,22,0.523809523809524,1.78456688416432,0.0811166765529237,12,12,12
"nekarot",10,1,2017,"Post-breeding",30,93,16,0.551724137931034,2.10678567582616,0.131674104739135,14,14,14
"nekarot",11,1,2018,"Transient",38,40,15,0.405405405405405,2.9452010330867,0.196346735539113,14,14,14
"nekarot",11,1,2018,"Post-breeding",41,101,16,0.4,2.38059168827036,0.148786980516897,14,14,14
"nekarot",12,1,2019,"Transient",47,40,20,0.434782608695652,3.276645249141,0.16383226245705,14,14,14
"nekarot",12,1,2019,"Post-breeding",43,80,23,0.547619047619048,2.45181295605842,0.106600563306888,14,14,14
"nekarot",13,1,2020,"Transient",90,88,63,0.707865168539326,9.73835512850024,0.15457706553175,14,14,14
"nekarot",13,1,2020,"Post-breeding",77,114,38,0.5,5.67927016636953,0.149454478062356,14,14,14
"nekarot",14,1,2021,"Breeding",76,149,50,0.666666666666667,4.01129089670805,0.0802258179341609,14,14,14
"nekarot",14,1,2021,"Transient",133,39,96,0.727272727272727,21.7485581814805,0.226547481057088,14,14,14
"nekarot",14,1,2021,"Post-breeding",98,123,57,0.587628865979381,10.6023581416664,0.18600628318713,14,14,14
"nelson",2,1,2021,"Transient",133,46,90,0.681818181818182,18.9360851099925,0.210400945666583,NA,NA,NA
"neufneuf",0,1,2021,"Transient",133,71,104,0.787878787878788,10.4259264287706,0.100249292584332,NA,NA,NA
"neufneuf",1,1,2022,"Breeding",104,151,73,0.70873786407767,13.7633171871185,0.188538591604363,NA,NA,NA
"neufneuf",1,1,2022,"Post-breeding",101,122,76,0.76,16.3892765167035,0.215648375219783,NA,NA,NA
"nevada",8,1,2017,"Transient",33,48,14,0.4375,1.35640964838537,0.0968864034560978,NA,NA,NA
"nevada",8,1,2017,"Post-breeding",30,122,14,0.482758620689655,0.937412110424518,0.0669580078874656,NA,NA,NA
"nevada",11,1,2020,"Transient",90,91,56,0.629213483146067,9.61730367475256,0.171737565620582,NA,NA,NA
"nevada",12,1,2021,"Breeding",76,151,49,0.653333333333333,6.74086164042006,0.137568604906532,NA,NA,NA
"nevada",12,1,2021,"Transient",133,91,100,0.757575757575758,17.3008098421195,0.173008098421195,NA,NA,NA
"nevada",12,1,2021,"Post-breeding",98,123,56,0.577319587628866,9.16805397012625,0.16371524946654,NA,NA,NA
"nevada",13,1,2022,"Breeding",104,150,71,0.689320388349515,9.43956235585204,0.132951582476789,NA,NA,NA
"nevada",13,1,2022,"Post-breeding",101,122,75,0.75,12.4662335089898,0.166216446786531,NA,NA,NA
"nico",15,1,2019,"Breeding",40,151,17,0.435897435897436,2.94957814207117,0.173504596592422,NA,NA,NA
"nico",15,1,2019,"Transient",47,89,22,0.478260869565217,4.9108293208592,0.223219514584509,NA,NA,NA
"nico",15,1,2019,"Post-breeding",43,123,24,0.571428571428571,3.35654315313482,0.139855964713951,NA,NA,NA
"nico",16,1,2020,"Breeding",58,152,26,0.456140350877193,2.35530221527508,0.0905885467413492,NA,NA,NA
"nico",16,1,2020,"Post-breeding",77,119,34,0.447368421052632,5.57137072725093,0.163863844919145,NA,NA,NA
"nico",17,1,2021,"Breeding",76,81,42,0.56,4.72110273557464,0.112407207989872,NA,NA,NA
"nico",17,1,2021,"Post-breeding",98,120,57,0.587628865979381,9.19781145516402,0.161365113248492,NA,NA,NA
"nico",18,1,2022,"Breeding",104,71,55,0.533980582524272,5.23762028950739,0.0952294598092254,NA,NA,NA
"nico",18,1,2022,"Post-breeding",101,122,75,0.75,10.3020285126705,0.13736038016894,NA,NA,NA
"nitika",7,1,2020,"Transient",90,91,59,0.662921348314607,6.51379085637219,0.110403234853766,NA,NA,NA
"nitika",8,1,2021,"Breeding",76,151,37,0.493333333333333,3.22767570705153,0.0872344785689602,NA,NA,NA
"nitika",8,1,2021,"Transient",133,91,97,0.734848484848485,21.6551929105973,0.223249411449457,NA,NA,NA
"nitika",8,1,2021,"Post-breeding",98,123,57,0.587628865979381,9.86238691360118,0.173024331817564,NA,NA,NA
"nitika",9,1,2022,"Breeding",104,146,68,0.660194174757282,6.05459452679551,0.0890381548058164,NA,NA,NA
"nitika",9,1,2022,"Post-breeding",101,122,76,0.76,14.5587374316028,0.191562334626352,NA,NA,NA
"noa",16,1,2020,"Transient",90,91,53,0.595505617977528,8.20241476984744,0.15476254282731,NA,NA,NA
"noa",17,1,2021,"Breeding",76,151,46,0.613333333333333,3.36554554178808,0.0731640335171322,NA,NA,NA
"noa",17,1,2021,"Transient",133,91,94,0.712121212121212,15.5081938436496,0.164980785570741,NA,NA,NA
"noa",17,1,2021,"Post-breeding",98,122,56,0.577319587628866,8.13758446995024,0.145314008391969,NA,NA,NA
"noa",18,1,2022,"Breeding",104,147,65,0.631067961165049,7.27124804989338,0.111865354613744,NA,NA,NA
"noa",18,1,2022,"Post-breeding",101,122,76,0.76,12.3885415169527,0.163007125223062,NA,NA,NA
"oded",3,1,2020,"Transient",90,85,55,0.617977528089888,12.8058460000971,0.232833563638129,3,3,3
"page",2,1,2021,"Post-breeding",98,64,51,0.525773195876289,9.47660567517458,0.185815797552443,NA,NA,NA
"pamela",14,1,2021,"Transient",133,61,90,0.681818181818182,16.7221789647283,0.185801988496981,NA,NA,NA
"pamela",15,1,2022,"Breeding",104,144,70,0.679611650485437,9.39771121989776,0.134253017427111,NA,NA,NA
"pamela",15,1,2022,"Post-breeding",101,122,76,0.76,13.545904926991,0.178235591144619,NA,NA,NA
"phili",2,1,2021,"Post-breeding",98,122,56,0.577319587628866,12.3831721254249,0.221128073668301,NA,NA,NA
"phili",3,1,2022,"Breeding",104,61,63,0.611650485436893,12.5395061332451,0.19903977989278,NA,NA,NA
"phili",3,1,2022,"Post-breeding",101,122,76,0.76,15.5500905254359,0.204606454282051,NA,NA,NA
"pindus",0,1,2021,"Transient",133,76,92,0.696969696969697,12.0264272893917,0.130722035754258,NA,NA,NA
"pindus",1,1,2022,"Breeding",104,151,71,0.689320388349515,13.3770829454659,0.188409618950223,NA,NA,NA
"pindus",1,1,2022,"Post-breeding",101,121,93,0.93,14.008708323838,0.150631272299333,NA,NA,NA
"pinter",0,1,2020,"Transient",90,67,60,0.674157303370786,8.77991964921772,0.146331994153629,NA,NA,NA
"pinter",1,1,2021,"Breeding",76,151,50,0.666666666666667,6.00064830601622,0.120012966120324,NA,NA,NA
"pinter",1,1,2021,"Transient",133,84,98,0.742424242424242,18.7766552183355,0.191598522636077,NA,NA,NA
"pinter",1,1,2021,"Post-breeding",98,122,59,0.608247422680412,13.311595488226,0.225620262512306,NA,NA,NA
"pinter",2,1,2022,"Breeding",104,151,72,0.699029126213592,11.2945842074393,0.156869225103323,NA,NA,NA
"pinter",2,1,2022,"Post-breeding",101,122,76,0.76,14.5094543310749,0.190913872777301,NA,NA,NA
"plettenberg",21,0,2021,"Transient",133,72,87,0.659090909090909,12.507331460557,0.143762430581115,NA,NA,NA
"plettenberg",22,0,2022,"Breeding",104,147,63,0.611650485436893,3.93686700960955,0.0624899525334849,NA,NA,NA
"plettenberg",22,0,2022,"Post-breeding",101,120,76,0.76,8.18263170097149,0.10766620659173,NA,NA,NA
"rehovot",4,1,2017,"Transient",33,88,17,0.53125,3.21909857877492,0.189358739927937,9,9,9
"rehovot",4,1,2017,"Post-breeding",30,120,16,0.551724137931034,1.96300830341188,0.122688018963243,9,9,9
"rehovot",5,1,2018,"Breeding",48,87,16,0.340425531914894,4.00446891739268,0.250279307337043,9,9,9
"rehovot",5,1,2018,"Transient",38,60,16,0.432432432432432,3.05941507467447,0.191213442167154,9,9,9
"rehovot",5,1,2018,"Post-breeding",41,111,15,0.375,2.10588200476298,0.140392133650866,9,9,9
"rehovot",6,1,2019,"Breeding",40,127,17,0.435897435897436,3.07589311602178,0.180934889177752,9,9,9
"rehovot",6,1,2019,"Post-breeding",43,90,23,0.547619047619048,3.67487214066901,0.159777049594305,9,9,9
"rehovot",7,1,2020,"Breeding",58,69,21,0.368421052631579,3.95224394810746,0.188202092767022,9,9,9
"rehovot",7,1,2020,"Post-breeding",77,74,29,0.381578947368421,4.84081269361541,0.166924575641911,9,9,9
"rehovot",8,1,2021,"Breeding",76,69,41,0.546666666666667,4.30679861180149,0.105043868580524,9,9,9
"root",6,1,2021,"Transient",133,77,92,0.696969696969697,19.6112850358522,0.213166141694045,NA,NA,NA
"root",7,1,2022,"Breeding",104,151,70,0.679611650485437,8.57487898795621,0.122498271256517,NA,NA,NA
"root",7,1,2022,"Post-breeding",101,122,76,0.76,12.1493274975067,0.159859572335615,NA,NA,NA
"sabath",5,1,2017,"Transient",33,90,21,0.65625,4.27498144799636,0.203570545142684,NA,NA,NA
"sabath",5,1,2017,"Post-breeding",30,123,25,0.862068965517241,2.71847151418262,0.108738860567305,NA,NA,NA
"sabath",6,1,2018,"Breeding",48,147,28,0.595744680851064,2.84892861775318,0.101747450634042,NA,NA,NA
"sabath",6,1,2018,"Transient",38,90,21,0.567567567567568,4.80045073080271,0.228592891942986,NA,NA,NA
"sabath",6,1,2018,"Post-breeding",41,122,27,0.675,5.04620958387128,0.186896651254492,NA,NA,NA
"sabath",7,1,2019,"Breeding",40,146,21,0.538461538461538,2.39901696012501,0.114238902863096,NA,NA,NA
"sabath",7,1,2019,"Transient",47,89,24,0.521739130434783,4.77419606841003,0.198924836183751,NA,NA,NA
"sabath",7,1,2019,"Post-breeding",43,123,32,0.761904761904762,3.64689833635957,0.113965573011237,NA,NA,NA
"sabath",8,1,2020,"Breeding",58,125,42,0.736842105263158,3.85550112464355,0.0917976458248463,NA,NA,NA
"sabath",8,1,2020,"Transient",90,41,50,0.561797752808989,7.00718873569013,0.140143774713803,NA,NA,NA
"sabath",8,1,2020,"Post-breeding",77,61,25,0.328947368421053,2.03801271313736,0.0815205085254944,NA,NA,NA
"sabath",9,1,2021,"Breeding",76,87,54,0.72,4.21206050109945,0.0780011203907305,NA,NA,NA
"sabath",9,1,2021,"Transient",133,66,86,0.651515151515151,10.9309661511846,0.127104257571914,NA,NA,NA
"sabath",9,1,2021,"Post-breeding",98,80,73,0.752577319587629,8.57189409300997,0.117423206753561,NA,NA,NA
"sabath",10,1,2022,"Breeding",104,99,74,0.718446601941748,6.85689008162522,0.0926606767787192,NA,NA,NA
"sabath",10,1,2022,"Post-breeding",101,83,91,0.91,6.2870514844719,0.0690884778513395,NA,NA,NA
"scout",13,1,2019,"Breeding",40,130,16,0.41025641025641,1.35255334808809,0.0845345842555057,NA,NA,NA
"scout",13,1,2019,"Transient",47,65,21,0.456521739130435,4.31466294955164,0.20546014045484,NA,NA,NA
"scout",13,1,2019,"Post-breeding",43,123,19,0.452380952380952,2.47438763709188,0.130230928267994,NA,NA,NA
"scout",14,1,2020,"Breeding",58,89,20,0.350877192982456,2.64299326489752,0.132149663244876,NA,NA,NA
"scout",14,1,2020,"Transient",90,89,53,0.595505617977528,6.5471328386353,0.123530808276138,NA,NA,NA
"scout",14,1,2020,"Post-breeding",77,121,35,0.460526315789474,5.67994815244297,0.162284232926942,NA,NA,NA
"scout",15,1,2021,"Breeding",76,127,44,0.586666666666667,4.08891591145712,0.092929907078571,NA,NA,NA
"scout",15,1,2021,"Transient",133,77,95,0.71969696969697,14.8862238004039,0.15669709263583,NA,NA,NA
"scout",15,1,2021,"Post-breeding",98,123,54,0.556701030927835,8.20754062918158,0.151991493132992,NA,NA,NA
"scout",16,1,2022,"Breeding",104,63,62,0.601941747572815,8.12044836072064,0.13097497356001,NA,NA,NA
"scout",16,1,2022,"Post-breeding",101,121,76,0.76,13.5526776580854,0.178324706027439,NA,NA,NA
"shanon",2,1,2021,"Transient",133,59,62,0.46969696969697,9.59359590311331,0.15473541779215,NA,NA,NA
"shanon",3,1,2022,"Breeding",104,39,54,0.524271844660194,10.7530562344462,0.199130671008264,NA,NA,NA
"shiva",3,1,2021,"Transient",133,62,88,0.666666666666667,12.082181598664,0.137297518166636,NA,NA,NA
"shiva",4,1,2022,"Breeding",104,149,72,0.699029126213592,9.87989716231653,0.137220793921063,NA,NA,NA
"shiva",4,1,2022,"Post-breeding",101,122,75,0.75,13.0672151263658,0.17422953501821,NA,NA,NA
"simcha",6,1,2021,"Transient",133,72,83,0.628787878787879,8.70443880061958,0.104872756633971,7,7,7
"simcha",7,1,2022,"Breeding",104,144,68,0.660194174757282,9.39356695944396,0.138140690580058,7,7,7
"simcha",7,1,2022,"Post-breeding",101,122,75,0.75,11.8056727892581,0.157408970523442,7,7,7
"skala",0,1,2021,"Transient",133,80,95,0.71969696969697,14.4600408161688,0.152210955959671,NA,NA,NA
"skala",1,1,2022,"Breeding",104,150,70,0.679611650485437,12.9986386058294,0.185694837226135,NA,NA,NA
"skala",1,1,2022,"Post-breeding",101,122,76,0.76,15.9171841161269,0.209436633106933,NA,NA,NA
"skolio",0,1,2021,"Transient",133,35,90,0.681818181818182,18.2645242243068,0.202939158047853,2,2,2
"skolio",1,1,2022,"Post-breeding",101,87,76,0.76,16.6820261994959,0.219500344730209,2,2,2
"spiegel",6,1,2021,"Transient",133,75,78,0.590909090909091,13.7641358352897,0.176463279939612,NA,NA,NA
"steve",2,1,2020,"Breeding",58,125,23,0.403508771929825,2.77164732122405,0.120506405270611,2,2,2
"steve",2,1,2020,"Post-breeding",77,123,27,0.355263157894737,2.26096012864244,0.0837392640237942,2,2,2
"talkitna",7,1,2021,"Transient",133,69,81,0.613636363636364,15.3489849481214,0.189493641334832,NA,NA,NA
"talkitna",8,1,2022,"Breeding",104,151,70,0.679611650485437,9.24621491430427,0.132088784490061,NA,NA,NA
"talkitna",8,1,2022,"Post-breeding",101,122,76,0.76,13.5939155178677,0.178867309445628,NA,NA,NA
"tay",1,1,2020,"Transient",90,42,51,0.573033707865168,7.96222774051371,0.156122112559092,2,2,2
"tay",2,1,2021,"Breeding",76,30,40,0.533333333333333,6.58362880085034,0.164590720021258,2,2,2
"tay",2,1,2021,"Transient",133,37,90,0.681818181818182,12.6046765158353,0.140051961287059,2,2,2
"tay",2,1,2021,"Post-breeding",98,123,55,0.56701030927835,10.5817820360362,0.19239603701884,2,2,2
"tennessee",11,1,2017,"Transient",33,39,11,0.34375,1.34977703455964,0.122707003141786,15,15,15
"tennessee",12,1,2018,"Breeding",48,151,15,0.319148936170213,1.47858039429032,0.0985720262860215,15,15,15
"tennessee",12,1,2018,"Transient",38,91,15,0.405405405405405,2.69342513047936,0.17956167536529,15,15,15
"tennessee",12,1,2018,"Post-breeding",41,123,17,0.425,1.86282298369786,0.109577822570462,15,15,15
"tennessee",13,1,2019,"Breeding",40,150,19,0.487179487179487,2.25184896071877,0.11851836635362,15,15,15
"tennessee",13,1,2019,"Transient",47,77,21,0.456521739130435,7.9747591874367,0.379750437496986,15,15,15
"tennessee",13,1,2019,"Post-breeding",43,123,25,0.595238095238095,4.72882437063287,0.189152974825315,15,15,15
"tennessee",14,1,2020,"Breeding",58,83,24,0.421052631578947,3.44210120881838,0.143420883700766,15,15,15
"tennessee",14,1,2020,"Transient",90,89,56,0.629213483146067,8.65602370006991,0.154571851786963,15,15,15
"tennessee",14,1,2020,"Post-breeding",77,123,44,0.578947368421053,8.76812195341846,0.199275498941329,15,15,15
"tennessee",15,1,2021,"Breeding",76,148,50,0.666666666666667,3.49379063427125,0.069875812685425,15,15,15
"tennessee",15,1,2021,"Post-breeding",98,119,54,0.556701030927835,5.15136253082369,0.095395602422661,15,15,15
"tess",6,1,2021,"Transient",133,32,75,0.568181818181818,15.1455120111435,0.201940160148581,7,7,7
"tess",7,1,2022,"Breeding",104,151,72,0.699029126213592,10.9430182865738,0.151986365091302,7,7,7
"tess",7,1,2022,"Post-breeding",101,122,76,0.76,14.6823462259673,0.193188766131148,7,7,7
"thronos",0,1,2021,"Transient",133,31,82,0.621212121212121,12.8322040970953,0.156490293867016,NA,NA,NA
"thronos",1,1,2022,"Post-breeding",101,58,75,0.75,12.5559452956242,0.167412603941656,NA,NA,NA
"tikishla",18,0,2022,"Breeding",104,151,69,0.669902912621359,7.72895374758347,0.112013822428746,NA,NA,NA
"tikishla",18,0,2022,"Post-breeding",101,122,76,0.76,7.20843596444402,0.0948478416374214,NA,NA,NA
"toledo",2,1,2018,"Breeding",48,46,6,0.127659574468085,0.713463830855135,0.118910638475856,2,2,2
"toledo",2,1,2018,"Post-breeding",41,69,11,0.275,0.591884907835238,0.0538077188941126,2,2,2
"whosit",4,1,2017,"Transient",33,85,17,0.53125,3.20435539324832,0.18849149372049,NA,NA,NA
"whosit",4,1,2017,"Post-breeding",30,123,14,0.482758620689655,2.11193534436994,0.150852524597853,NA,NA,NA
"whosit",5,1,2018,"Breeding",48,150,15,0.319148936170213,3.6287771700025,0.241918478000167,NA,NA,NA
"whosit",5,1,2018,"Transient",38,89,17,0.459459459459459,3.3165315810358,0.195090093002106,NA,NA,NA
"whosit",5,1,2018,"Post-breeding",41,120,16,0.4,1.79153725991103,0.111971078744439,NA,NA,NA
"whosit",6,1,2019,"Breeding",40,126,16,0.41025641025641,2.27990155520984,0.142493847200615,NA,NA,NA
"whosit",6,1,2019,"Transient",47,86,22,0.478260869565217,6.46045591253723,0.293657086933511,NA,NA,NA
"whosit",6,1,2019,"Post-breeding",43,108,25,0.595238095238095,4.38459356799196,0.175383742719678,NA,NA,NA
"whosit",7,1,2020,"Breeding",58,148,21,0.368421052631579,3.43214162474441,0.163435315464019,NA,NA,NA
"whosit",7,1,2020,"Transient",90,79,50,0.561797752808989,7.15132077396176,0.143026415479235,NA,NA,NA
"whosit",7,1,2020,"Post-breeding",77,108,33,0.434210526315789,4.59853173396763,0.139349446483867,NA,NA,NA
"whosit",8,1,2021,"Breeding",76,109,43,0.573333333333333,4.53083120854708,0.10536816764063,NA,NA,NA
"whosit",8,1,2021,"Post-breeding",98,107,54,0.556701030927835,6.8264935803859,0.126416547784924,NA,NA,NA
"xena",8,1,2020,"Transient",90,90,54,0.606741573033708,9.25608261896724,0.171408937388282,9,9,9
"xena",9,1,2021,"Breeding",76,151,44,0.586666666666667,2.28400278307214,0.0519091541607305,9,9,9
"xena",9,1,2021,"Transient",133,43,82,0.621212121212121,10.3454936912645,0.126164557210542,9,9,9
"xena",9,1,2021,"Post-breeding",98,122,52,0.536082474226804,4.42524679891458,0.0851008999791265,9,9,9
"yohai",13,1,2020,"Transient",90,92,55,0.617977528089888,7.98715420021435,0.145220985458443,14,14,14
"yohai",14,1,2021,"Breeding",76,151,48,0.64,3.5261381204329,0.073461210842352,14,14,14
"yohai",14,1,2021,"Transient",133,38,86,0.651515151515151,21.8930461791547,0.254570304408775,14,14,14
"yohai",14,1,2021,"Post-breeding",98,123,56,0.577319587628866,10.2065748471126,0.18226026512701,14,14,14
"yomtov",3,1,2022,"Post-breeding",101,111,76,0.76,15.4540322640912,0.203342529790674,NA,NA,NA
"yonat",12,1,2020,"Transient",90,50,54,0.606741573033708,6.39549761210375,0.118435140964884,NA,NA,NA
"yonat",13,1,2021,"Breeding",76,87,46,0.613333333333333,3.59352516581679,0.0781201123003649,NA,NA,NA
"yonat",13,1,2021,"Transient",133,57,94,0.712121212121212,14.0313168946688,0.149269328666689,NA,NA,NA
"yonat",13,1,2021,"Post-breeding",98,118,54,0.556701030927835,6.92310438859509,0.128205636825835,NA,NA,NA
"yoyo",1,1,2020,"Transient",90,85,62,0.696629213483146,11.5729547449576,0.186660560402542,NA,NA,NA
"yoyo",2,1,2021,"Breeding",76,151,51,0.68,6.9891935131625,0.13704301006201,NA,NA,NA
"yoyo",2,1,2021,"Transient",133,86,94,0.712121212121212,15.7376434348342,0.167421738668449,NA,NA,NA
"yoyo",2,1,2021,"Post-breeding",98,122,59,0.608247422680412,14.4468304041085,0.244861532273025,NA,NA,NA
"yoyo",3,1,2022,"Breeding",104,151,73,0.70873786407767,14.5605938564727,0.199460189814695,NA,NA,NA
"yoyo",3,1,2022,"Post-breeding",101,122,76,0.76,15.9829218192193,0.210301602884464,NA,NA,NA
"yungala",4,1,2017,"Post-breeding",30,56,15,0.517241379310345,1.63750821250821,0.109167214167214,NA,NA,NA
"yungala",5,1,2018,"Post-breeding",41,55,14,0.35,2.09814995284474,0.149867853774624,NA,NA,NA
"yungala",6,1,2019,"Post-breeding",43,59,23,0.547619047619048,4.07743964519533,0.17727998457371,NA,NA,NA
"yungala",7,1,2020,"Breeding",58,73,18,0.315789473684211,0.848182077958383,0.0471212265532435,NA,NA,NA
"yungala",8,1,2021,"Breeding",76,80,45,0.6,5.13549988737288,0.114122219719397,NA,NA,NA
"yungala",8,1,2021,"Transient",133,70,85,0.643939393939394,20.0311059107489,0.235660069538222,NA,NA,NA
"yungala",9,1,2022,"Breeding",104,33,40,0.388349514563107,4.50337118958973,0.112584279739743,NA,NA,NA
